word,yomi,syllables,season
藍蒔く,あいまく,4,spring
青木の花,あおきのはな,6,spring
石蓴,あおさ,3,spring
青饅,あおぬた,4,spring
青麦,あおむぎ,4,spring
通草の花,あけびのはな,6,spring
胡葱,あさつき,4,spring
朝寝,あさね,3,spring
麻蒔く,あさまく,4,spring
浅蜊,あさり,3,spring
薊,あざみ,3,spring
明日葉,あしたば,4,spring
蘆の角,あしのつの,5,spring
蘆の若葉,あしのわかば,6,spring
馬酔木の花,あしびのはな,6,spring
蘆焼く,あしやく,4,spring
アスパラガス,あすぱらがす,6,spring
アズマイチゲ,あずまいちげ,6,spring
東菊,あずまぎく,5,spring
畦塗,あぜぬり,4,spring
暖か,あたたか,4,spring
アネモネ,あねもね,4,spring
虻,あぶ,2,spring
海女,あま,2,spring
甘茶,あまちゃ,3,spring
鮎汲,あゆくみ,4,spring
杏の花,あんずのはな,6,spring
飯蛸,いいだこ,4,spring
鮊子,いかなご,4,spring
伊勢参,いせまいり,5,spring
磯遊び,いそあそび,5,spring
磯竈,いそかまど,5,spring
磯巾着,いそぎんちゃく,6,spring
磯菜摘,いそなつみ,5,spring
虎杖,いたどり,4,spring
苺の花,いちごのはな,6,spring
一の午,いちのうま,5,spring
銀杏の花,いちょうのはな,6,spring
一輪草,いちりんそう,6,spring
凍解,いてどけ,4,spring
犬ふぐり,いぬふぐり,5,spring
芋植う,いもうう,4,spring
岩燕,いわつばめ,5,spring
魚島,うおじま,4,spring
萍生ひ初む,うきくさおいそむ,8,spring
鶯,うぐいす,4,spring
鶯菜,うぐいすな,5,spring
鶯餅,うぐいすもち,6,spring
五加木,うこぎ,3,spring
海髪,うご,2,spring
牛蛙,うしかえる,5,spring
雨水,うすい,3,spring
薄氷,うすらい,4,spring
鷽,うそ,2,spring
独活,うど,2,spring
海胆,うに,2,spring
苜蓿,うまごやし,5,spring
厩出し,うまやだし,5,spring
海明け,うみあけ,4,spring
梅,うめ,2,spring
梅見,うめみ,3,spring
梅若忌,うめわかき,5,spring
麗か,うららか,4,spring
うりずん,うりずん,4,spring
瓜坊,うりぼう,4,spring
魞挿す,えりさす,4,spring
遠足,えんそく,4,spring
豌豆の花,えんどうのはな,7,spring
桜桃の花,おうとうのはな,7,spring
黄梅,おうばい,4,spring
大石忌,おおいしき,5,spring
小賀玉の花,おがたまのはな,7,spring
オキザリス,おきざりす,5,spring
翁草,おきなぐさ,5,spring
遅桜,おそざくら,5,spring
苧環の花,おだまきのはな,7,spring
御告祭,おつげさい,5,spring
落し角,おとしづの,5,spring
朧,おぼろ,3,spring
朧月,おぼろつき,5,spring
お水取,おみずとり,5,spring
御身拭,おみぬぐい,5,spring
蚕,かいこ,3,spring
開帳,かいちょう,4,spring
海棠,かいどう,4,spring
貝寄風,かいよせ,4,spring
楓の花,かえでのはな,6,spring
楓の芽,かえでのめ,5,spring
蛙,かえる,3,spring
帰る雁,かえるかり,5,spring
垣繕ふ,かきつくろう,6,spring
陽炎,かげろう,4,spring
風車,かざぐるま,5,spring
樫の花,かしのはな,5,spring
搗布,かじめ,3,spring
果樹植う,かじゅうう,4,spring
春日祭,かすがまつり,6,spring
霞,かすみ,3,spring
数の子製す,かずのこせいす,7,spring
風光る,かぜひかる,5,spring
片栗の花,かたくりのはな,7,spring
蝌蚪,かと,2,spring
鐘供養,かねくよう,5,spring
花粉症,かふんしょう,5,spring
亀鳴く,かめなく,4,spring
鴨川踊,かもがわおどり,7,spring
髢草,かもじぐさ,5,spring
芥菜,からしな,4,spring
烏貝,からすがい,5,spring
鴉の巣,からすのす,5,spring
枸橘の花,からたちのはな,7,spring
蛙の目借時,かわずのめかりどき,9,spring
寒明,かんあけ,4,spring
観潮,かんちょう,4,spring
雁風呂,がんぶろ,4,spring
木苺の花,きいちごのはな,7,spring
其角忌,きかくき,4,spring
菊根分,きくねわけ,5,spring
菊の苗,きくのなえ,5,spring
細螺,きさご,3,spring
如月,きさらぎ,4,spring
雉,きじ,2,spring
雉笛,きじぶえ,4,spring
黄水仙,きずいせん,5,spring
北野菜種御供,きたのなたねごく,8,spring
北窓開く,きたまどひらく,7,spring
木流し,きながし,4,spring
木の根明く,きのねあく,5,spring
木の芽和,きのめあえ,5,spring
木五倍子の花,きぶしのはな,6,spring
球根植う,きゅうこんうう,6,spring
旧正月,きゅうしょうがつ,6,spring
競漕,きょうそう,4,spring
曲水,きょくすい,4,spring
虚子忌,きょしき,3,spring
金盞花,きんせんか,5,spring
金鳳花,きんぽうげ,5,spring
義士祭,ぎしさい,4,spring
御忌,ぎょき,2,spring
茎立,くくだち,4,spring
枸杞の芽,くこのめ,4,spring
草の芽,くさのめ,4,spring
草餅,くさもち,4,spring
草若葉,くさわかば,5,spring
鞍馬の花供養,くらまのはなくよう,9,spring
暮の春,くれのはる,5,spring
クロッカス,くろっかす,5,spring
桑,くわ,2,spring
慈姑掘る,くわいほる,5,spring
桑摘,くわつみ,4,spring
桑解く,くわとく,4,spring
啓蟄,けいちつ,4,spring
華鬘草,けまんそう,5,spring
建国記念日,けんこくきねんび,8,spring
憲法記念日,けんぽうきねんび,8,spring
紫雲英,げんげ,3,spring
幻氷,げんぴょう,4,spring
光悦忌,こうえつき,5,spring
黄砂,こうさ,3,spring
紅梅,こうばい,4,spring
氷解,こおりどけ,5,spring
蚕飼,こがい,3,spring
穀雨,こくう,3,spring
小綬鶏,こじゅけい,4,spring
炬燵塞ぐ,こたつふさぐ,6,spring
東風,こち,2,spring
こでまりの花,こでまりのはな,7,spring
木の実植う,このみうう,5,spring
木の芽,このめ,3,spring
辛夷,こぶし,3,spring
子持鯊,こもちはぜ,5,spring
ゴールデンウィーク,ごーるでんうぃーく,9,spring
西行忌,さいぎょうき,5,spring
サイネリア,さいねりあ,5,spring
冴返る,さえかえる,5,spring
囀,さえずり,4,spring
佐保姫,さおひめ,4,spring
嵯峨大念仏,さがだいねんぶつ,8,spring
嵯峨の柱炬,さがのはしらたいまつ,10,spring
桜,さくら,3,spring
桜鰄,さくらうぐい,6,spring
桜貝,さくらがい,5,spring
桜蘂降る,さくらしべふる,7,spring
桜草,さくらそう,5,spring
桜鯛,さくらだい,5,spring
桜漬,さくらづけ,5,spring
桜餅,さくらもち,5,spring
栄螺,さざえ,3,spring
挿木,さしき,3,spring
実朝忌,さねともき,5,spring
さより,さより,3,spring
鰆,さわら,3,spring
三月,さんがつ,4,spring
三月十日,さんがつとおか,7,spring
三月菜,さんがつな,5,spring
三鬼忌,さんきき,4,spring
山帰来の花,さんきらいのはな,8,spring
山楂子の花,さんざしのはな,7,spring
山茱萸の花,さんしゅうのはな,7,spring
山椒の芽,さんしょうのめ,6,spring
座禅草,ざぜんそう,5,spring
残花,ざんか,3,spring
残雪,ざんせつ,4,spring
汐干狩,しおひがり,5,spring
望潮,しおまねき,5,spring
四月,しがつ,3,spring
四月馬鹿,しがつばか,5,spring
樒の花,しきみのはな,6,spring
シクラメン,しくらめん,5,spring
蜆,しじみ,3,spring
蜆汁,しじみじる,5,spring
下萌,したもえ,4,spring
枝垂桜,しだれざくら,6,spring
しどみの花,しどみのはな,6,spring
芝桜,しばざくら,5,spring
芝桜,しばざくら,5,spring
芝焼く,しばやく,4,spring
霜くすべ,しもくすべ,5,spring
謝肉祭,しゃにくさい,5,spring
石鹸玉,しゃぼんだま,5,spring
修二会,しゅにえ,3,spring
春陰,しゅんいん,4,spring
春菊,しゅんぎく,4,spring
春暁,しゅんぎょう,4,spring
春月,しゅんげつ,4,spring
春光,しゅんこう,4,spring
春社,しゅんしゃ,3,spring
春愁,しゅんしゅう,4,spring
春塵,しゅんじん,4,spring
春昼,しゅんちゅう,4,spring
春潮,しゅんちょう,4,spring
春泥,しゅんでい,4,spring
春闘,しゅんとう,4,spring
春分,しゅんぶん,4,spring
春分の日,しゅんぶんのひ,6,spring
春風,しゅんぷう,4,spring
春服,しゅんぷく,4,spring
春眠,しゅんみん,4,spring
春雷,しゅんらい,4,spring
春蘭,しゅんらん,4,spring
聖霊会,しょうりょうえ,5,spring
松露,しょうろ,3,spring
昭和の日,しょうわのひ,5,spring
植樹祭,しょくじゅさい,5,spring
白魚,しらうお,4,spring
白樺の花,しらかばのはな,7,spring
白子干,しらすぼし,5,spring
白酒,しろざけ,4,spring
蜃気楼,しんきろう,5,spring
地虫穴を出づ,じむしあなをいづ,8,spring
十三詣,じゅうさんまいり,7,spring
受験,じゅけん,3,spring
受難節,じゅなんせつ,5,spring
常楽会,じょうらくえ,5,spring
沈丁花,じんちょうげ,5,spring
酸葉,すいば,3,spring
杉菜,すぎな,3,spring
杉の花,すぎのはな,5,spring
末黒の芒,すぐろのすすき,7,spring
鈴懸の花,すずかけのはな,7,spring
雀の子,すずめのこ,5,spring
雀の巣,すずめのす,5,spring
スターリン忌,すたーりんき,6,spring
巣立鳥,すだちどり,5,spring
巣箱,すばこ,3,spring
菫,すみれ,3,spring
李の花,すもものはな,6,spring
聖金曜日,せいきんようび,7,spring
誓子忌,せいしき,4,spring
製茶,せいちゃ,3,spring
清明,せいめい,4,spring
釈奠,せきてん,4,spring
芹,せり,2,spring
剪定,せんてい,4,spring
先帝祭,せんていさい,6,spring
薇,ぜんまい,4,spring
早春,そうしゅん,4,spring
卒業,そつぎょう,4,spring
蚕豆の花,そらまめのはな,7,spring
田打,たうち,3,spring
鷹鳩と化す,たかはととかす,7,spring
高山祭,たかやままつり,7,spring
耕,たがやし,4,spring
多喜二忌,たきじき,4,spring
啄木忌,たくぼくき,5,spring
竹の秋,たけのあき,5,spring
凧,たこ,2,spring
立子忌,たつこき,4,spring
達治忌,たつじき,4,spring
田螺,たにし,3,spring
種芋,たねいも,4,spring
種選,たねえらび,5,spring
種浸し,たねひたし,5,spring
種蒔,たねまき,4,spring
種物,たねもの,4,spring
たらの芽,たらのめ,4,spring
蒲公英,たんぽぽ,4,spring
大根の花,だいこんのはな,7,spring
暖炉納む,だんろおさむ,6,spring
萵苣,ちさ,2,spring
遅春,ちしゅん,3,spring
遅日,ちじつ,3,spring
父子草,ちちこぐさ,5,spring
茶摘,ちゃつみ,3,spring
仲春,ちゅうしゅん,4,spring
チューリップ,ちゅーりっぷ,5,spring
蝶,ちょう,2,spring
接木,つぎき,3,spring
土筆,つくし,3,spring
黄楊の花,つげのはな,5,spring
蔦の芽,つたのめ,4,spring
蔦若葉,つたわかば,5,spring
躑躅,つつじ,3,spring
角叉,つのまた,4,spring
椿,つばき,3,spring
椿餅,つばきもち,5,spring
茅花,つばな,3,spring
燕,つばめ,3,spring
燕の巣,つばめのす,5,spring
壷焼,つぼやき,4,spring
摘草,つみくさ,4,spring
田楽,でんがく,4,spring
東京大空襲忌,とうきょうだいきゅうしゅうき,11,spring
踏青,とうせい,4,spring
土佐水木,とさみずき,5,spring
友二忌,ともじき,4,spring
鶏合,とりあわせ,5,spring
鳥帰る,とりかえる,5,spring
鳥貝,とりがい,4,spring
鳥雲に入る,とりくもにいる,7,spring
鳥曇,とりぐもり,5,spring
鳥交る,とりさかる,5,spring
鳥の巣,とりのす,4,spring
満天星の花,どうだんのはな,7,spring
どんたく,どんたく,4,spring
苗木市,なえぎいち,5,spring
苗木植う,なえぎうう,5,spring
苗床,なえどこ,4,spring
苗札,なえふだ,4,spring
梨の花,なしのはな,5,spring
薺の花,なずなのはな,6,spring
菜種梅雨,なたねづゆ,5,spring
雪崩,なだれ,3,spring
夏近し,なつちかし,5,spring
夏蜜柑,なつみかん,5,spring
菜の花,なのはな,4,spring
菜飯,なめし,3,spring
苗代,なわしろ,4,spring
二月,にがつ,3,spring
二月礼者,にがつれいじゃ,6,spring
逃げ水,にげみず,4,spring
鰊,にしん,3,spring
蜷,にな,2,spring
入学,にゅうがく,4,spring
韮,にら,2,spring
接骨木の花,にわとこのはな,7,spring
蒜,にんにく,4,spring
蓴生ふ,ぬなはおう,5,spring
葱坊主,ねぎぼうず,5,spring
ネクタリン,ねくたりん,5,spring
猫の子,ねこのこ,4,spring
猫の恋,ねこのこい,5,spring
猫柳,ねこやなぎ,5,spring
ねぢあやめ,ねぢあやめ,5,spring
ねぢあやめ,ねぢあやめ,5,spring
涅槃会,ねはんえ,4,spring
涅槃西風,ねはんにし,5,spring
根分,ねわけ,3,spring
野遊び,のあそび,4,spring
乗込鮒,のっこみぶな,6,spring
長閑,のどか,3,spring
野蒜,のびる,3,spring
上り簗,のぼりやな,5,spring
野焼く,のやく,3,spring
海苔,のり,2,spring
蠅生る,はえうまる,5,spring
萩根分,はぎねわけ,5,spring
白鳥帰る,はくちょうかえる,7,spring
はこべ,はこべ,3,spring
蓮植う,はすうう,4,spring
畑打,はたうち,4,spring
畑焼く,はたやく,4,spring
斑雪,はだれ,3,spring
蜂,はち,2,spring
八十八夜,はちじゅうはちや,7,spring
初午,はつうま,4,spring
初桜,はつざくら,5,spring
初蝶,はつちょう,4,spring
花,はな,2,spring
花烏賊,はないか,4,spring
花換祭,はなかえまつり,7,spring
花篝,はなかがり,5,spring
花曇,はなぐもり,5,spring
花衣,はなごろも,5,spring
鎮花祭,はなしずめまつり,8,spring
紫荊,はなずおう,5,spring
花大根,はなだいこん,6,spring
花種蒔く,はなだねまく,6,spring
花疲れ,はなづかれ,5,spring
花菜漬,はななづけ,5,spring
花韮,はなにら,4,spring
花盗人,はなぬすびと,6,spring
花冷え,はなびえ,4,spring
花見,はなみ,3,spring
花守,はなもり,4,spring
母子草,ははこぐさ,5,spring
蛤,はまぐり,4,spring
孕雀,はらみすずめ,6,spring
針供養,はりくよう,5,spring
春,はる,2,spring
春浅し,はるあさし,5,spring
春暑し,はるあつし,5,spring
春袷,はるあわせ,5,spring
春一番,はるいちばん,6,spring
春大雪,はるおおゆき,6,spring
春惜しむ,はるおしむ,5,spring
春北風,はるきた,4,spring
春キャベツ,はるきゃべつ,5,spring
春炬燵,はるごたつ,5,spring
春雨,はるさめ,4,spring
春寒,はるざむ,4,spring
春時雨,はるしぐれ,5,spring
春ショール,はるしょーる,5,spring
春田,はるた,3,spring
春たのし,はるたのし,5,spring
春大根,はるだいこん,6,spring
春暖炉,はるだんろ,5,spring
春の霰,はるのあられ,6,spring
春の入江,はるのいりえ,6,spring
春の馬,はるのうま,5,spring
春の海,はるのうみ,5,spring
春の落葉,はるのおちば,6,spring
春の風邪,はるのかぜ,5,spring
春の鴨,はるのかも,5,spring
春の蚊,はるのかも,5,spring
春の雁,はるのかり,5,spring
春の川,はるのかわ,5,spring
春の杭,はるのくい,5,spring
春の草,はるのくさ,5,spring
春の雲,はるのくも,5,spring
春の暮,はるのくれ,5,spring
春の鹿,はるのしか,5,spring
春の霜,はるのしも,5,spring
春の蟬,はるのせみ,5,spring
春の空,はるのそら,5,spring
春の筍,はるのたけのこ,7,spring
春の月,はるのつき,5,spring
春の鳥,はるのとり,5,spring
春の波,はるのなみ,5,spring
春の虹,はるのにじ,5,spring
春の野,はるのの,4,spring
春の蠅,はるのはえ,5,spring
春の日,はるのひ,4,spring
春の灯,はるのひ,4,spring
春の星,はるのほし,5,spring
春の水,はるのみず,5,spring
春の霙,はるのみぞれ,6,spring
春の山,はるのやま,5,spring
春の闇,はるのやみ,5,spring
春の夕焼,はるのゆうやけ,7,spring
春の雪,はるのゆき,5,spring
春の夢,はるのゆめ,5,spring
春の夜,はるのよ,4,spring
春の宵,はるのよい,5,spring
春の炉,はるのろ,4,spring
春疾風,はるはやて,5,spring
春日傘,はるひがさ,5,spring
春火鉢,はるひばち,5,spring
春深し,はるふかし,5,spring
春祭,はるまつり,5,spring
春めく,はるめく,4,spring
春休,はるやすみ,5,spring
春竜胆,はるりんどう,6,spring
榛の花,はんのはな,5,spring
薔薇の芽,ばらのめ,4,spring
馬鈴薯植う,ばれいしょうう,6,spring
バレンタインデー,ばれんたいんでー,8,spring
晩春,ばんしゅん,4,spring
彼岸,ひがん,3,spring
彼岸会,ひがんえ,4,spring
彼岸桜,ひがんざくら,6,spring
引鴨,ひきがも,4,spring
引鶴,ひきづる,4,spring
蘖,ひこばえ,4,spring
菱餅,ひしもち,4,spring
鹿尾菜,ひじき,3,spring
干鱈,ひだら,3,spring
羊の毛刈る,ひつじのけかる,7,spring
ひとで,ひとで,3,spring
人麻呂忌,ひとまろき,5,spring
一人静,ひとりしずか,6,spring
雛市,ひないち,4,spring
雛納め,ひなおさめ,5,spring
日永,ひなが,3,spring
雛菊,ひなぎく,4,spring
雛流し,ひなながし,5,spring
雛祭,ひなまつり,5,spring
雲雀,ひばり,3,spring
ヒヤシンス,ひやしんす,5,spring
ビキニ忌,びきにき,4,spring
風生忌,ふうせいき,5,spring
風船,ふうせん,4,spring
蕗の薹,ふきのとう,5,spring
蕗味噌,ふきみそ,4,spring
藤,ふじ,2,spring
二人静,ふたりしずか,6,spring
復活祭,ふっかつさい,6,spring
二日灸,ふつかきゅう,5,spring
フリージア,ふりーじあ,5,spring
古草,ふるくさ,4,spring
仏生会,ぶっしょうえ,5,spring
ぶらんこ,ぶらんこ,4,spring
蛇穴を出づ,へびあなをいづ,7,spring
ヘリオトロープ,へりおとろーぷ,7,spring
遍路,へんろ,3,spring
抱卵期,ほうらんき,5,spring
菠薐草,ほうれんそう,6,spring
頬白,ほおじろ,4,spring
干鰈,ほしがれい,5,spring
蛍烏賊,ほたるいか,5,spring
防風摘む,ぼうふうつむ,6,spring
木瓜の花,ぼけのはな,5,spring
牡丹の芽,ぼたんのめ,5,spring
ボートレース,ぼーとれーす,6,spring
真菰の芽,まこものめ,5,spring
鱒,ます,2,spring
松の花,まつのはな,5,spring
松毟鳥,まつむしり,5,spring
馬蛤貝,まてがい,4,spring
蝮草,まむしぐさ,5,spring
豆の花,まめのはな,5,spring
金縷梅,まんさく,4,spring
御影供,みえいく,4,spring
水草生ふ,みずくさおう,6,spring
水菜,みずな,3,spring
水温む,みずぬるむ,5,spring
三葉芹,みつばせり,5,spring
三椏の花,みつまたのはな,7,spring
緑の週間,みどりのしゅうかん,8,spring
みどりの日,みどりの日,5,spring
水口祭,みなくちまつり,7,spring
峰入り,みねいり,4,spring
壬生念仏,みぶねんぶつ,6,spring
ミモザの花,みもざのはな,6,spring
都踊,みやこおどり,6,spring
都忘れ,みやこわすれ,6,spring
茗荷竹,みょうがたけ,5,spring
麦鶉,むぎうずら,5,spring
麦踏,むぎふみ,4,spring
葎若葉,むぐらわかば,6,spring
蒸鰈,むしがれい,5,spring
睦五郎,むつごろう,5,spring
郁子の花,むべのはな,5,spring
鳴雪忌,めいせつき,5,spring
目刺,めざし,3,spring
目貼剥ぐ,めばりはぐ,5,spring
メーデー,めーでー,4,spring
茂吉忌,もきちき,4,spring
木蓮,もくれん,4,spring
海雲,もずく,3,spring
物種蒔く,ものだねまく,6,spring
ものの芽,もののめ,4,spring
桃の節句,もものせっく,6,spring
桃の花,もものはな,5,spring
諸子,もろこ,3,spring
八重桜,やえざくら,5,spring
焼野,やけの,3,spring
靖国祭,やすくにまつり,7,spring
安良居祭,やすらういまつり,8,spring
寄居虫,やどかり,4,spring
柳,やなぎ,3,spring
柳の芽,やなぎのめ,5,spring
柳鮠,やなぎはえ,5,spring
屋根替,やねかえ,4,spring
山桜,やまざくら,5,spring
山吹,やまぶき,4,spring
山吹草,やまぶきそう,6,spring
山焼く,やまやく,4,spring
山笑う,やまわらう,5,spring
弥生,やよい,3,spring
雪囲とる,ゆきがこいとる,7,spring
雪形,ゆきがた,4,spring
雪しろ,ゆきしろ,4,spring
雪解,ゆきどけ,4,spring
雪の果,ゆきのはて,5,spring
雪間,ゆきま,3,spring
雪虫,ゆきむし,4,spring
雪柳,ゆきやなぎ,5,spring
雪割,ゆきわり,4,spring
雪割草,ゆきわりそう,6,spring
行く春,ゆくはる,4,spring
山桜桃の花,ゆすらのはな,6,spring
余寒,よかん,3,spring
義仲忌,よしなかき,5,spring
吉野の花会式,よしののはなえしき,9,spring
嫁菜,よめな,3,spring
蓬,よもぎ,3,spring
ライラック,らいらっく,5,spring
落花,らっか,3,spring
利休忌,りきゅうき,4,spring
立春,りっしゅん,4,spring
柳絮,りゅうじょ,3,spring
龍天に昇る,りゅうてんにのぼる,8,spring
流氷,りゅうひょう,4,spring
良寛忌,りょうかんき,5,spring
リラ冷え,りらびえ,4,spring
林檎の花,りんごのはな,6,spring
連翹,れんぎょう,4,spring
蓮如忌,れんにょき,4,spring
若鮎,わかあゆ,4,spring
若草,わかくさ,4,spring
公魚,わかさぎ,4,spring
若芝,わかしば,4,spring
若緑,わかみどり,5,spring
若布,わかめ,3,spring
嫩芽,わかめ,3,spring
別れ霜,わかれじも,5,spring
山葵,わさび,3,spring
勿忘草,わすれなぐさ,6,spring
渡り漁夫,わたりぎょふ,5,spring
蕨,わらび,3,spring
蕨餅,わらびもち,5,spring
アイスコーヒー,あいすこーひー,7,summer
愛鳥週間,あいちょうしゅうかん,8,summer
青蘆,あおあし,4,summer
青嵐,あおあらし,5,summer
葵,あおい,3,summer
葵祭,あおいまつり,6,summer
青梅,あおうめ,4,summer
青柿,あおがき,4,summer
梧桐,あおぎり,4,summer
青胡桃,あおくるみ,5,summer
青鷺,あおさぎ,4,summer
青山河,あおさんが,5,summer
青山椒,あおさんしょう,6,summer
青芝,あおしば,4,summer
青芒,あおすすき,5,summer
青簾,あおすだれ,5,summer
青田,あおた,3,summer
青竹,あおたけ,4,summer
青畳,あおだたみ,5,summer
青蔦,あおつた,4,summer
青唐辛子,あおとうがらし,7,summer
青野,あおの,3,summer
青葉,あおば,3,summer
青葉木菟,あおばずく,5,summer
青葡萄,あおぶどう,5,summer
青鬼灯,あおほほづき,6,summer
青みどろ,あおみどろ,5,summer
青桃,あおもも,4,summer
青林檎,あおりんご,5,summer
赤鱏,あかえい,4,summer
藜,あかざ,3,summer
アカシアの花,あかしあのはな,7,summer
秋近し,あきちかし,5,summer
麻,あさ,2,summer
朝顔,あさがお,4,summer
朝顔市,あさがおいち,6,summer
朝曇,あさぐもり,5,summer
朝凪,あさなぎ,4,summer
朝焼,あさやけ,4,summer
鯵,あじ,2,summer
紫陽花,あじさい,4,summer
鯵刺,あじさし,4,summer
東踊,あずまおどり,6,summer
汗,あせ,2,summer
汗拭ひ,あせぬぐい,5,summer
汗疹,あせも,3,summer
暑し,あつし,3,summer
穴子,あなご,3,summer
油照,あぶらでり,5,summer
雨蛙,あまがえる,5,summer
雨乞,あまごい,4,summer
甘酒,あまざけ,4,summer
アマリリス,あまりりす,5,summer
網戸,あみど,3,summer
飴湯,あめゆ,3,summer
水馬,あめんぼう,5,summer
あやめ,あやめ,3,summer
鮎,あゆ,2,summer
鮎釣,あゆつり,4,summer
洗膾,あらひ,3,summer
荒布,あらめ,3,summer
蟻,あり,2,summer
蟻地獄,ありじごく,5,summer
袷,あわせ,3,summer
鮑,あわび,3,summer
安居,あんご,3,summer
杏,あんず,3,summer
誘蛾燈,いうがとう,5,summer
烏賊釣,いかつり,4,summer
藺刈,いかり,3,summer
泉,いずみ,3,summer
虎杖の花,いたどりのはな,7,summer
苺,いちご,3,summer
鳶尾草,いちはつ,4,summer
厳島管絃祭,いつくしまかんげんさい,11,summer
糸取,いととり,4,summer
糸蜻蛉,いととんぼ,5,summer
糸みみず,いとみみず,5,summer
藺の花,いのはな,4,summer
ゐもり,いもり,3,summer
岩魚,いわな,3,summer
鵜,う,1,summer
茴香の花,ういきょうのはな,7,summer
植田,うえだ,3,summer
鵜飼,うかい,3,summer
萍,うきくさ,4,summer
浮巣,うきす,3,summer
浮人形,うきにんぎょう,6,summer
薄翅蜉蝣,うすばかげろう,7,summer
羅,うすもの,4,summer
打水,うちみず,4,summer
団扇,うちわ,3,summer
空蟬,うつせみ,4,summer
靭草,うつぼぐさ,5,summer
卯月,うづき,3,summer
独活の花,うどのはな,5,summer
優曇華,うどんげ,4,summer
鰻,うなぎ,3,summer
卯波,うなみ,3,summer
卯の花,うのはな,4,summer
卯の花腐し,うのはなくたし,7,summer
海亀,うみがめ,4,summer
海猫,うみねこ,4,summer
海の日,うみのひ,4,summer
海開き,うみびらき,5,summer
海酸漿,うみほおずき,6,summer
梅酒,うめしゅ,3,summer
梅干,うめぼし,4,summer
瓜,うり,2,summer
瓜の花,うりのはな,5,summer
瓜番,うりばん,4,summer
瓜揉み,うりもみ,4,summer
漆掻,うるしかき,5,summer
雲海,うんかい,4,summer
えごの花,えごのはな,5,summer
えぞにうの花,えぞにうの花,6,summer
金雀枝,えにしだ,4,summer
槐の花,えんじゅのはな,6,summer
炎昼,えんちゅう,4,summer
炎宙,えんちゅう,4,summer
炎天,えんてん,4,summer
豌豆,えんどう,4,summer
花魁草,おいらんそう,6,summer
扇,おうぎ,3,summer
黄蜀葵,おうしょくき,5,summer
楝の花,おうちのはな,6,summer
桜桃忌,おうとうき,5,summer
車前草の花,おおばこのはな,7,summer
大山蓮華,おおやまれんげ,7,summer
大瑠璃,おおるり,4,summer
沖膾,おきなます,5,summer
沖縄慰霊の日,おきなわいれいのひ,9,summer
オクラ,おくら,3,summer
含羞草,おじぎそう,5,summer
御田植,おたうえ,4,summer
落し文,おとしぶみ,5,summer
踊子草,おどりこそう,6,summer
お花畑,おはなばたけ,6,summer
お化け屋敷,おばけやしき,6,summer
沢瀉,おもだか,4,summer
泳ぎ,およぎ,3,summer
蚊,か,1,summer
蚕の上蔟,かいこのあがり,7,summer
海水着,かいすいぎ,5,summer
海水浴,かいすいよく,6,summer
夏期講習会,かきこうしゅうかい,8,summer
燕子花,かきつばた,5,summer
柿の花,かきのはな,5,summer
柿若葉,かきわかば,5,summer
霍乱,かくらん,4,summer
籠枕,かごまくら,5,summer
樫若葉,かしわかば,5,summer
柏餅,かしわもち,5,summer
河鹿,かじか,3,summer
風薫る,かぜかおる,5,summer
風死す,かぜしす,4,summer
片蔭,かたかげ,4,summer
蝸牛,かたつむり,5,summer
酢漿の花,かたばみのはな,7,summer
帷子,かたびら,4,summer
郭公,かっこう,4,summer
河童忌,かっぱき,4,summer
鰹,かつお,3,summer
蟹,かに,2,summer
黴,かび,2,summer
兜虫,かぶとむし,5,summer
南瓜の花,かぼちゃのはな,6,summer
蟷螂生る,かまきりうまる,7,summer
髪洗う,かみあらう,5,summer
天牛,かみきり,4,summer
雷,かみなり,4,summer
亀の子,かめのこ,4,summer
蚊帳,かや,2,summer
蚊帳吊草,かやつりぐさ,6,summer
蚊遣火,かやりび,4,summer
烏瓜の花,からすうりのはな,8,summer
鴉の子,からすのこ,5,summer
空梅雨,からつゆ,4,summer
軽鳧の子,かるのこ,4,summer
川狩,かわがり,4,summer
翡翠,かわせみ,4,summer
川蜻蛉,かわとんぼ,5,summer
川開,かわびらき,5,summer
河骨,かわほね,4,summer
萱草の花,かんぞうのはな,7,summer
干瓢剥く,かんぴょうむく,6,summer
カーネーション,かーねーしょん,6,summer
蛾,が,1,summer
金銀蓮花,ががぶた,4,summer
ががんぼ,ががんぼ,4,summer
額の花,がくのはな,5,summer
ガタリンピック,がたりんぴっく,7,summer
がまずみの花,がまずみのはな,7,summer
蒲の穂,がまのほ,4,summer
鑑真忌,がんじんき,5,summer
岩菲,がんぴ,3,summer
木苺,きいちご,4,summer
喜雨,きう,2,summer
胡瓜,きうり,3,summer
胡瓜の花,きうりのはな,6,summer
菊挿す,きくさす,4,summer
木耳,きくらげ,4,summer
鱚,きす,2,summer
帰省,きせい,3,summer
狐の提燈,きつねのちょうちん,8,summer
キャベツ,きゃべつ,3,summer
キャンプ,きゃんぷ,3,summer
鏡太郎忌,きょうたろうき,6,summer
夾竹桃,きょうちくとう,6,summer
桐の花,きりのはな,5,summer
金魚,きんぎょ,3,summer
金魚売,きんぎょうり,5,summer
金魚草,きんぎょそう,5,summer
金魚玉,きんぎょだま,5,summer
祇園祭,ぎおんまつり,6,summer
羊蹄の花,ぎしぎしのはな,7,summer
擬宝珠の花,ぎぼうしのはな,7,summer
牛馬冷す,ぎゅうばひやす,6,summer
行水,ぎょうずい,4,summer
水鶏,くいな,3,summer
草いきれ,くさいきれ,5,summer
草孵蝣,くさかげろう,6,summer
草刈,くさかり,4,summer
草茂る,くさしげる,5,summer
草田男忌,くさたおき,5,summer
草取,くさとり,4,summer
草笛,くさぶえ,4,summer
草矢,くさや,3,summer
孔雀草,くじゃくそう,5,summer
薬玉,くすだま,4,summer
薬狩,くすりがり,5,summer
樟若葉,くすわかば,5,summer
葛饅頭,くずまんじゅう,6,summer
葛水,くずみず,4,summer
葛餅,くずもち,4,summer
梔子の花,くちなしのはな,7,summer
蜘蛛,くも,2,summer
雲の峰,くものみね,5,summer
海月,くらげ,3,summer
競馬,くらべうま,5,summer
鞍馬の竹伐,くらまのたけきり,8,summer
栗の花,くりのはな,5,summer
胡桃の花,くるみのはな,6,summer
黒鯛,くろだい,4,summer
黒南風,くろはえ,4,summer
桑の実,くわのみ,4,summer
グラジオラス,ぐらじおらす,6,summer
競渡,けいと,3,summer
罌栗の花,けしのはな,5,summer
罌栗坊主,けしぼうず,5,summer
毛虫,けむし,3,summer
螻蛄,けら,2,summer
健吉忌,けんきちき,5,summer
夏書,げがき,3,summer
夏至,げし,2,summer
蚰蜒,げじげじ,4,summer
月下美人,げっかびじん,6,summer
源五郎,げんごろう,5,summer
げんのしようこ,げんのしようこ,7,summer
原爆忌,げんばくき,5,summer
鯉幟,こいのぼり,5,summer
紅蜀葵,こうしょくき,5,summer
香水,こうすい,4,summer
蝙蝠,こうもり,4,summer
氷水,こおりみず,5,summer
金亀子,こがねむし,5,summer
穀象,こくぞう,4,summer
苔の花,こけのはな,5,summer
木下闇,こしたやみ,5,summer
子供の日,こどものひ,5,summer
木葉木菟,このはずく,5,summer
小判草,こばんそう,5,summer
駒繋,こまつなぎ,5,summer
駒鳥,こまどり,4,summer
米搗虫,こめつきむし,6,summer
更衣,ころもがえ,5,summer
昆虫採集,こんちゅうさいしゅう,8,summer
昆布刈る,こんぶかる,5,summer
五位鷺,ごいさぎ,4,summer
五月,ごがつ,3,summer
ごきぶり,ごきぶり,4,summer
極暑,ごくしょ,3,summer
胡麻の花,ごまのはな,5,summer
御来迎,ごらいごう,5,summer
鮴汁,ごりじる,4,summer
サイダー,さいだー,4,summer
早乙女,さおとめ,4,summer
鷺草,さぎそう,4,summer
桜の実,さくらのみ,5,summer
さくらんぼ,さくらんぼ,5,summer
皐月,さつき,3,summer
さつき,さつき,3,summer
五月富士,さつきふじ,5,summer
五月闇,さつきやみ,5,summer
早苗,さなえ,3,summer
早苗饗,さなぶり,4,summer
鯖,さば,2,summer
仙人掌の花,さぼてんのはな,7,summer
五月雨,さみだれ,4,summer
晒井,さらしい,4,summer
沙羅双樹,さらそうじゅ,5,summer
沙羅の花,さらのはな,5,summer
松蘿,さるおがせ,5,summer
百日紅,さるすべり,5,summer
サルビア,さるびあ,4,summer
サングラス,さんぐらす,5,summer
三光鳥,さんこうちょう,6,summer
三光鳥,さんこうちょう,6,summer
山椒魚,さんしょううお,6,summer
三社祭,さんじゃまつり,6,summer
撒水車,さんすいしゃ,5,summer
三伏,さんぷく,4,summer
サーフィン,さーふぃん,5,summer
石榴の花,ざくろのはな,6,summer
椎の花,しいのはな,5,summer
椎若葉,しいわかば,5,summer
鹿の子,しかのこ,4,summer
茂り,しげり,3,summer
四十雀,しじゅうから,5,summer
紫蘇,しそ,2,summer
滴り,したたり,4,summer
七月,しちがつ,4,summer
紙魚,しみ,2,summer
清水,しみず,3,summer
繍線菊,しもつけ,4,summer
著莪の花,しゃがのはな,5,summer
尺蠖,しゃくとり,4,summer
石楠花,しゃくなげ,4,summer
芍薬,しゃくやく,4,summer
蝦蛄,しゃこ,2,summer
秋櫻子忌,しゅうおうしき,6,summer
修司忌,しゅうじき,4,summer
楸邨忌,しゅうそんき,5,summer
棕櫚の花,しゅろのはな,5,summer
焼酎,しょうちゅう,4,summer
白菖,しょうぶ,3,summer
菖蒲酒,しょうぶざけ,5,summer
菖蒲葺く,しょうぶふく,5,summer
菖蒲湯,しょうぶゆ,4,summer
小満,しょうまん,4,summer
蟭螟,しょうめい,4,summer
初夏,しょか,2,summer
暑気中り,しょきあたり,5,summer
暑気払い,しょきばらい,5,summer
暑中見舞,しょちゅうみまい,6,summer
白鷺,しらさぎ,4,summer
白玉,しらたま,4,summer
紫蘭,しらん,3,summer
代掻く,しろかく,4,summer
白絣,しろがすり,5,summer
白靴,しろぐつ,4,summer
新藷,しんいも,4,summer
新樹,しんじゅ,3,summer
新茶,しんちゃ,3,summer
新緑,しんりょく,4,summer
森林浴,しんりんよく,6,summer
慈悲心鳥,じひしんちょう,6,summer
馬鈴薯の花,じゃがいものはな,7,summer
十薬,じゅうやく,4,summer
蓴菜,じゅんさい,4,summer
ジューンドロップ,じゅーんどろっぷ,7,summer
上布,じょうふ,3,summer
溽暑,じょくしょ,3,summer
海霧,じり,2,summer
甚平,じんべい,4,summer
西瓜,すいか,3,summer
忍冬の花,すいかずらのはな,8,summer
水中花,すいちゅうか,5,summer
水中眼鏡,すいちゅうめがね,7,summer
水飯,すいはん,4,summer
睡蓮,すいれん,4,summer
すぐり,すぐり,3,summer
鮓,すし,2,summer
涼し,すずし,3,summer
篠の子,すずのこ,4,summer
納涼,すずみ,3,summer
鈴蘭,すずらん,4,summer
すててこ,すててこ,4,summer
李,すもも,3,summer
諏訪の御柱祭,すわのおんばしらまつり,11,summer
盛夏,せいか,3,summer
石菖,せきしょう,4,summer
石竹,せきちく,4,summer
雪渓,せっけい,4,summer
蟬,せみ,2,summer
蝉丸忌,せみまるき,5,summer
セル,せる,2,summer
千日草,せんにちそう,6,summer
扇風機,せんぷうき,5,summer
宗吾忌,そうごき,4,summer
蒼朮を焚く,そうじゅつをたく,7,summer
走馬灯,そうまとう,5,summer
蚕豆,そらまめ,4,summer
ソーダ水,そーだすい,5,summer
泰山木の花,たいざんぼくのはな,9,summer
大暑,たいしょ,3,summer
田植,たうえ,3,summer
多佳子忌,たかこき,4,summer
たかし忌,たかしき,4,summer
簟,たかむしろ,5,summer
滝,たき,2,summer
滝浴び,たきあび,4,summer
薪能,たきぎのう,5,summer
滝殿,たきどの,4,summer
田草取,たぐさとり,5,summer
竹落葉,たけおちば,5,summer
竹煮草,たけにぐさ,5,summer
竹の皮脱ぐ,たけのかわぬぐ,7,summer
筍,たけのこ,4,summer
筍飯,たけのこめし,6,summer
蛸,たこ,2,summer
蓼,たで,2,summer
霊棚,たまだな,4,summer
玉葱,たまねぎ,4,summer
玉巻く芭蕉,たままくばしょう,7,summer
玉虫,たまむし,4,summer
田水沸く,たみずわく,5,summer
端午,たんご,3,summer
橙の花,だいだいのはな,7,summer
ダリア,だりあ,3,summer
竹婦人,ちくふじん,5,summer
父の日,ちちのひ,4,summer
縮布,ちぢみふ,4,summer
粽,ちまき,3,summer
月見草,つきみそう,5,summer
筑摩祭,つくままつり,6,summer
筒鳥,つつどり,4,summer
燕の子,つばめのこ,5,summer
梅雨,つゆ,2,summer
梅雨明,つゆあけ,4,summer
梅雨寒,つゆさむ,4,summer
梅雨茸,つゆだけ,4,summer
梅雨晴,つゆばれ,4,summer
釣忍,つりしのぶ,5,summer
釣堀,つりぼり,4,summer
鉄線花,てつせんか,5,summer
繍毬花,てまりばな,5,summer
天瓜粉,てんかふん,5,summer
石花菜採る,てんぐさとる,6,summer
天神祭,てんじんまつり,7,summer
天道虫,てんとうむし,6,summer
梯梧の花,でいごのはな,6,summer
出水,でみず,3,summer
伝教会,でんぎょうえ,5,summer
籐椅子,とういす,4,summer
玉蜀黍の花,とうもろこしのはな,9,summer
通し鴨,とおしがも,5,summer
蜥蜴,とかげ,3,summer
時の記念日,ときのきねんび,7,summer
常磐木落葉,ときわぎおちば,7,summer
時計草,とけいそう,5,summer
心太,ところてん,5,summer
登山,とざん,3,summer
橡の花,とちのはな,5,summer
飛魚,とびうお,4,summer
とべら,とべら,3,summer
海桐の花,とべらのはな,6,summer
トマト,とまと,3,summer
虎が雨,とらがあめ,5,summer
虎鶫,とらつぐみ,5,summer
虎尾草,とらのお,4,summer
蜻蛉,とんぼ,3,summer
蜻蛉生れる,とんぼうまれる,7,summer
泥鰌,どじょう,3,summer
泥鰌鍋,どじょうなべ,5,summer
土用,どよう,3,summer
土用鰻,どよううなぎ,6,summer
土用蜆,どようしじみ,6,summer
土用波,どようなみ,5,summer
ナイター,ないたー,4,summer
名越の祓,なごしのはらえ,7,summer
茄子,なす,2,summer
茄子漬,なすづけ,4,summer
茄子苗,なすなえ,4,summer
茄子の鴫焼,なすのしぎやき,7,summer
茄子の花,なすのはな,5,summer
菜種刈,なたねかり,5,summer
夏,なつ,2,summer
夏薊,なつあざみ,5,summer
夏帯,なつおび,4,summer
夏鴨,なつがも,4,summer
夏菊,なつぎく,4,summer
夏銀河,なつぎんが,5,summer
夏草,なつくさ,4,summer
夏桑,なつぐわ,4,summer
夏木立,なつこだち,5,summer
夏蚕,なつご,3,summer
夏衣,なつごろも,5,summer
夏座敷,なつざしき,5,summer
夏座蒲団,なつざぶとん,6,summer
夏芝居,なつしばい,5,summer
夏シャツ,なつしゃつ,4,summer
夏足袋,なつたび,4,summer
夏大根,なつだいこん,6,summer
夏燕,なつつばめ,5,summer
夏手袋,なつてぶくろ,6,summer
夏葱,なつねぎ,4,summer
夏野,なつの,3,summer
夏の暁,なつのあかつき,7,summer
夏の雨,なつのあめ,5,summer
夏の海,なつのうみ,5,summer
夏の風邪,なつのかぜ,5,summer
夏の川,なつのかわ,5,summer
夏の雲,なつのくも,5,summer
夏の潮,なつのしお,5,summer
夏の空,なつのそら,5,summer
夏の蝶,なつのちょう,5,summer
夏の月,なつのつき,5,summer
夏の果,なつのはて,5,summer
夏の日,なつのひ,4,summer
夏の燈,なつのひ,4,summer
夏の星,なつのほし,5,summer
夏の虫,なつのむし,5,summer
夏の山,なつのやま,5,summer
夏の夕,なつのゆう,5,summer
夏の夜,なつのよ,4,summer
夏暖簾,なつのれん,5,summer
夏萩,なつはぎ,4,summer
夏羽織,なつばおり,5,summer
夏袴,なつばかま,5,summer
夏場所,なつばしょ,4,summer
夏服,なつふく,4,summer
夏蒲団,なつぶとん,5,summer
夏遍路,なつへんろ,5,summer
夏帽子,なつぼうし,5,summer
夏めく,なつめく,4,summer
夏館,なつやかた,5,summer
夏休み,なつやすみ,5,summer
夏瘦,なつやせ,4,summer
夏蓬,なつよもぎ,5,summer
夏料理,なつりょうり,5,summer
夏炉,なつろ,3,summer
夏蕨,なつわらび,5,summer
鯰,なまず,3,summer
蛞蝓,なめくじ,4,summer
業平忌,なりひらき,5,summer
南天の花,なんてんのはな,7,summer
濁り鮒,にごりぶな,5,summer
西日,にしび,3,summer
虹,にじ,2,summer
日日草,にちにちそう,6,summer
日射病,にっしゃびょう,5,summer
入梅,にゅうばい,4,summer
韮の花,にらのはな,5,summer
捩花,ねじばな,4,summer
熱帯魚,ねったいぎょ,5,summer
寝冷え,ねびえ,3,summer
合歓の花,ねむのはな,5,summer
練供養,ねりくよう,5,summer
凌霄の花,のうぜんのはな,7,summer
幟,のぼり,3,summer
野馬追,のまおい,4,summer
蚤,のみ,2,summer
羽蟻,はあり,3,summer
ハイビスカス,はいびすかす,6,summer
蠅,はえ,2,summer
蠅取,はえとり,4,summer
蠅虎,はえとりぐも,6,summer
蠅除,はえよけ,4,summer
博多祇園山笠,はかたぎおんやまかさ,10,summer
薄暑,はくしょ,3,summer
白夜,はくや,3,summer
箱庭,はこにわ,4,summer
箱眼鏡,はこめがね,5,summer
葉桜,はざくら,4,summer
端居,はしい,3,summer
蓮の浮葉,はすのうきは,6,summer
蓮の花,はすのはな,5,summer
蓮見,はすみ,3,summer
巴旦杏,はたんきょう,5,summer
裸,はだか,3,summer
跣足,はだし,3,summer
肌脱,はだぬぎ,4,summer
麨,はったい,4,summer
初鰹,はつがつお,5,summer
花氷,はなごおり,5,summer
花茣蓙,はなござ,4,summer
花菖蒲,はなしょうぶ,5,summer
花橘,はなたちばな,6,summer
花火,はなび,3,summer
羽抜鳥,はぬけどり,5,summer
帚木,ははきぎ,4,summer
母の日,ははのひ,4,summer
浜豌豆,はまえんどう,6,summer
はまごう,はまごう,4,summer
玫瑰,はまなす,4,summer
浜昼顔,はまひるがお,6,summer
浜防風,はまぼうふう,6,summer
浜木綿の花,はまゆふのはな,7,summer
鱧,はも,2,summer
葉柳,はやなぎ,4,summer
ハンカチの花,はんかちのはな,7,summer
半夏生,はんげしょう,5,summer
半夏生草,はんげしょうぐさ,7,summer
半ズボン,はんずぼん,5,summer
斑猫,はんみょう,4,summer
ハンモック,はんもっく,5,summer
芭蕉の花,ばしょうのはな,6,summer
バナナ,ばなな,3,summer
薔薇,ばら,2,summer
茨の花,ばらのはな,5,summer
鷭,ばん,2,summer
晩夏,ばんか,3,summer
万緑,ばんりょく,4,summer
パイナップル,ぱいなっぷる,6,summer
パセリ,ぱせり,3,summer
パリ祭,ぱりさい,4,summer
射干,ひおうぎ,4,summer
日傘,ひがさ,3,summer
日雀,ひがら,3,summer
蟇,ひきがえる,5,summer
緋鯉,ひごい,3,summer
日盛,ひざかり,4,summer
菱の花,ひしのはな,5,summer
避暑,ひしょ,2,summer
旱,ひでり,3,summer
単衣,ひとえ,3,summer
一つ葉,ひとつば,4,summer
火取虫,ひとりむし,5,summer
雛罌栗,ひなげし,4,summer
日向水,ひなたみず,5,summer
向日葵,ひまわり,4,summer
姫女菀,ひめじょおん,5,summer
百日草,ひゃくにちそう,6,summer
日焼,ひやけ,3,summer
冷酒,ひやざけ,4,summer
冷し瓜,ひやしうり,5,summer
冷し中華,ひやしちゅうか,6,summer
冷汁,ひやしる,4,summer
冷索麺,ひやそうめん,6,summer
冷麦,ひやむぎ,4,summer
冷奴,ひややっこ,5,summer
雹,ひょう,2,summer
氷菓,ひょうか,3,summer
日除,ひよけ,3,summer
蛭,ひる,2,summer
昼顔,ひるがお,4,summer
昼寝,ひるね,3,summer
蛭蓆,ひるむしろ,5,summer
枇杷,びわ,2,summer
ビーチパラソル,びーちぱらそる,7,summer
ビール,びーる,3,summer
風知草,ふうちそう,5,summer
風蘭,ふうらん,4,summer
風鈴,ふうりん,4,summer
蕗,ふき,2,summer
噴井,ふきい,3,summer
袋掛,ふくろかけ,5,summer
袋角,ふくろづの,5,summer
不死男忌,ふじおき,4,summer
富士詣,ふじもうで,5,summer
太藺,ふとい,3,summer
船遊び,ふなあそび,5,summer
船虫,ふなむし,4,summer
船料理,ふなりょうり,5,summer
海蘿,ふのり,3,summer
風炉茶,ふろちゃ,3,summer
噴水,ふんすい,4,summer
仏法僧,ぶっぽうそう,6,summer
蚋,ぶよ,2,summer
ブーゲンビリア,ぶーげんびりあ,7,summer
プール,ぷーる,3,summer
糸瓜の花,へちまのはな,6,summer
蛇,へび,2,summer
蛇苺,へびいちご,5,summer
蛇衣を脱ぐ,へびきぬをぬぐ,7,summer
紅花,べにばな,4,summer
べら,べら,2,summer
鬼灯市,ほおずきいち,6,summer
朴の花,ほおのはな,5,summer
穂肥,ほごえ,3,summer
干飯,ほしいい,4,summer
干草,ほしくさ,4,summer
帆立貝,ほたてがい,5,summer
蛍,ほたる,3,summer
蛍籠,ほたるかご,5,summer
蛍狩,ほたるがり,5,summer
蛍袋,ほたるぶくろ,6,summer
捕虫類,ほちゅうるい,5,summer
布袋草,ほていそう,5,summer
時鳥,ほととぎす,5,summer
鬼灯の花,ほほづきのはな,7,summer
穂絮,ほわた,3,summer
茅舎忌,ぼうしゃき,4,summer
芒種,ぼうしゅ,3,summer
孑孒,ぼうふら,4,summer
牡丹,ぼたん,3,summer
ボート,ぼーと,3,summer
鼓虫,まいまい,4,summer
蠛蠓,まくなぎ,4,summer
甜瓜,まくわうり,5,summer
真菰,まこも,3,summer
松落葉,まつおちば,5,summer
松葉牡丹,まつばぼたん,6,summer
祭,まつり,3,summer
茉莉花,まつりか,4,summer
蝮,まむし,3,summer
豆蒔く,まめまく,4,summer
豆飯,まめめし,4,summer
繭,まゆ,2,summer
マンゴー,まんごー,4,summer
万太郎忌,まんたろうき,6,summer
蜜柑の花,みかんのはな,6,summer
短夜,みじかよ,4,summer
水葵,みずあおい,5,summer
水遊び,みずあそび,5,summer
水中り,みずあたり,5,summer
水機関,みずからくり,6,summer
水貝,みずがい,4,summer
水木の花,みずきのはな,6,summer
水草の花,みずくさのはな,7,summer
水喧嘩,みずげんか,5,summer
水鉄砲,みずてっぽう,6,summer
水芭蕉,みずばしょう,5,summer
水番,みずばん,4,summer
水虫,みずむし,4,summer
水羊羹,みずようかん,6,summer
溝浚へ,みぞさらへ,5,summer
蜜豆,みつまめ,4,summer
緑,みどり,3,summer
水無月,みなづき,4,summer
南風,みなみ,3,summer
三船祭,みふねまつり,6,summer
蚯蚓,みみず,3,summer
都草,みやこぐさ,5,summer
茗荷の子,みょうがのこ,5,summer
百足,むかで,3,summer
麦,むぎ,2,summer
麦打,むぎうち,4,summer
麦刈,むぎかり,4,summer
麦扱,むぎこき,4,summer
麦茶,むぎちゃ,3,summer
麦の秋,むぎのあき,5,summer
麦の黒穂,むぎのくろほ,6,summer
麦笛,むぎぶえ,4,summer
麦飯,むぎめし,4,summer
麦稈,むぎわら,4,summer
葎,むぐら,3,summer
虫送り,むしおくり,5,summer
むしかりの花,むしかりのはな,7,summer
虫歯予防デー,むしばよぼうでー,8,summer
虫干,むしぼし,4,summer
武者人形,むしゃにんぎょう,6,summer
村祭,むらまつり,5,summer
飯饐る,めしすえる,5,summer
眼白,めじろ,3,summer
目高,めだか,3,summer
メロン,めろん,3,summer
藻刈,もかり,3,summer
黐の花,もちのはな,5,summer
藻の花,ものはな,4,summer
灸花,やいとばな,5,summer
灼く,やく,2,summer
矢車菊,やぐるまぎく,6,summer
灼け,やけ,2,summer
夜光虫,やこうちゅう,5,summer
八束忌,やつかき,4,summer
簗,やな,2,summer
破れ傘,やぶれがさ,5,summer
山棟蛇,やまかがし,5,summer
山雀,やまがら,4,summer
やませ,やませ,3,summer
山開,やまびらき,5,summer
山法師の花,やまぼうしのはな,8,summer
天蚕,やままゆ,4,summer
山女,やまめ,3,summer
楊梅,やまもも,4,summer
山桜桃の実,やまもものみ,6,summer
守宮,やもり,3,summer
夕顔,ゆうがお,4,summer
夕立,ゆうだち,4,summer
夕凪,ゆうなぎ,4,summer
夕端居,ゆうはしい,5,summer
夕映,ゆうばえ,4,summer
夕焼,ゆうやけ,4,summer
川床,ゆか,2,summer
浴衣,ゆかた,3,summer
鴨足草,ゆきのした,5,summer
柚子の花,ゆずのはな,5,summer
百合,ゆり,2,summer
百合の木,ゆりのき,4,summer
余花,よか,2,summer
葭切,よしきり,4,summer
葭簀,よしず,3,summer
葭戸,よしど,3,summer
夜濯,よすすぎ,4,summer
夜鷹,よたか,3,summer
夜焚,よたき,3,summer
ヨット,よっと,3,summer
夜釣,よづり,3,summer
夜盗虫,よとうむし,5,summer
呼子鳥,よぶこどり,5,summer
夜振,よぶり,3,summer
夜店,よみせ,3,summer
夜の秋,よるのあき,5,summer
雷鳥,らいちょう,4,summer
辣韮,らっきょう,4,summer
辣韮漬,らっきょうづけ,6,summer
ラベンダー,らべんだー,5,summer
ラムネ,らむね,3,summer
蘭,らん,2,summer
立夏,りっか,3,summer
竜舌蘭,りゅうぜつらん,6,summer
緑蔭,りょくいん,4,summer
緑夜,りょくや,3,summer
林間学校,りんかんがっこう,8,summer
縷紅草,るこうそう,5,summer
冷房,れいぼう,4,summer
老鶯,ろうおう,4,summer
六月,ろくがつ,4,summer
露台,ろだい,3,summer
若楓,わかかえで,5,summer
若竹,わかたけ,4,summer
若葉,わかば,3,summer
病葉,わくらば,4,summer
山葵の花,わさびのはな,6,summer
棉の花,わたのはな,5,summer
藍の花,あいのはな,5,fall
青蜜柑,あおみかん,5,fall
赤い羽根,あかいはね,5,fall
赤蜻蛉,あかとんぼ,5,fall
秋,あき,2,fall
秋袷,あきあわせ,5,fall
秋麗,あきうらら,5,fall
秋扇,あきおうぎ,5,fall
秋収め,あきおさめ,5,fall
秋惜しむ,あきおしむ,5,fall
秋風,あきかぜ,4,fall
秋草,あきくさ,4,fall
秋蚕,あきご,3,fall
秋鯖,あきさば,4,fall
秋寒し,あきさむし,5,fall
秋時雨,あきしぐれ,5,fall
秋簾,あきすだれ,5,fall
秋澄む,あきすむ,4,fall
秋高し,あきたかし,5,fall
秋出水,あきでみず,5,fall
秋茄子,あきなす,4,fall
秋の朝,あきのあさ,5,fall
秋の雨,あきのあめ,5,fall
秋の海,あきのうみ,5,fall
秋の蚊,あきのか,4,fall
秋の蚊帳,あきのかや,5,fall
秋の川,あきのかわ,5,fall
秋の雲,あきのくも,5,fall
秋の暮,あきのくれ,5,fall
秋の声,あきのこえ,5,fall
秋の潮,あきのしお,5,fall
秋の霜,あきのしも,5,fall
秋の蟬,あきのせみ,5,fall
秋の空,あきのそら,5,fall
秋の田,あきのた,4,fall
秋の蝶,あきのちょう,5,fall
秋の七草,あきのななくさ,7,fall
秋の虹,あきのにじ,5,fall
秋の野,あきのの,4,fall
秋の蠅,あきのはえ,5,fall
秋の蜂,あきのはち,5,fall
秋の日,あきのひ,4,fall
秋の灯,あきのひ,4,fall
秋の昼,あきのひる,5,fall
秋の蛍,あきのほたる,6,fall
秋の水,あきのみず,5,fall
秋の山,あきのやま,5,fall
秋の夕焼,あきのゆうやけ,7,fall
秋の夜,あきのよる,5,fall
秋晴,あきばれ,4,fall
秋彼岸,あきひがん,5,fall
秋深し,あきふかし,5,fall
秋遍路,あきへんろ,5,fall
秋蒔,あきまき,4,fall
秋祭,あきまつり,5,fall
秋繭,あきまゆ,4,fall
秋めく,あきめく,4,fall
通草,あけび,3,fall
朝寒,あささむ,4,fall
蘆刈,あしかり,4,fall
蘆の花,あしのはな,5,fall
小豆,あずき,3,fall
温め酒,あたためざけ,6,fall
天の川,あまのがわ,5,fall
粟,あわ,2,fall
阿波踊,あわおどり,5,fall
生身魂,いきみたま,5,fall
幾秋,いくあき,4,fall
十六夜,いざよい,4,fall
一位の実,いちいのみ,5,fall
無花果,いちじく,4,fall
銀杏散る,いちょうちる,5,fall
銀杏黄葉,いちょうもみじ,6,fall
一遍忌,いっぺんき,5,fall
竃馬,いとど,3,fall
蝗,いなご,3,fall
稲雀,いなすずめ,5,fall
稲妻,いなずま,4,fall
犬蓼,いぬたで,4,fall
稲,いね,2,fall
稲刈,いねかり,4,fall
稲扱き,いねこき,4,fall
稲の花,いねのはな,5,fall
牛膝,いのこづち,5,fall
猪,いのしし,4,fall
茨の実,いばらのみ,5,fall
佞武多,いぶた,3,fall
佞,いぶた,3,fall
居待月,いまちづき,5,fall
芋,いも,2,fall
芋嵐,いもあらし,5,fall
芋煮会,いもにかい,5,fall
芋虫,いもむし,4,fall
色変へぬ松,いろかえぬまつ,7,fall
色鳥,いろどり,4,fall
鰯,いわし,3,fall
鰯雲,いわしぐも,5,fall
鰯引く,いわしひく,5,fall
隠元豆,いんげんまめ,6,fall
雨月,うげつ,3,fall
鬱金の花,うこんのはな,6,fall
薄紅葉,うすもみじ,5,fall
大秦の牛祭,うずまさのうしまつり,10,fall
鶉,うづら,3,fall
馬追,うまおい,4,fall
馬肥ゆる,うまこゆる,5,fall
梅擬,うめもどき,5,fall
末枯,うらがれ,4,fall
盂蘭盆会,うらぼんえ,5,fall
漆紅葉,うるしもみじ,6,fall
浮塵子,うんか,3,fall
運動会,うんどうかい,6,fall
エイサー,えいさー,4,fall
枝豆,えだまめ,4,fall
狗尾草,えのころぐさ,6,fall
蝦蔓,えびづる,4,fall
楝の実,おうちのみ,5,fall
苧殻,おがら,3,fall
荻,おぎ,2,fall
晩稲,おくて,3,fall
白粉花,おしろいばな,6,fall
落鮎,おちあゆ,4,fall
落穂,おちぼ,3,fall
男郎花,おとこえし,5,fall
落し水,おとしみず,5,fall
囮,おとり,3,fall
踊,おどり,3,fall
鬼貫忌,おにつらき,5,fall
尾花蛸,おばなたこ,5,fall
女郎花,おみなえし,5,fall
万年青の実,おもとのみ,5,fall
面輪板,おもわいた,5,fall
貝割菜,かいわりな,5,fall
案山子,かがし,3,fall
柿,かき,2,fall
柿紅葉,かきもみじ,5,fall
懸巣,かけす,3,fall
蜉蝣,かげろう,4,fall
樫の実,かしのみ,4,fall
鰍,かじか,3,fall
梶の葉,かじのは,4,fall
風の盆,かぜのぼん,5,fall
門火,かどび,3,fall
鉦叩,かねたたき,5,fall
鹿火屋,かびや,3,fall
南瓜,かぼちゃ,3,fall
蟷螂,かまきり,4,fall
萱,かや,2,fall
萱刈る,かやかる,4,fall
榧の実,かやのみ,4,fall
烏瓜,からすうり,5,fall
雁,かり,2,fall
刈田,かりた,3,fall
雁渡し,かりわたし,5,fall
榠櫨の実,かりんのみ,5,fall
刈萱,かるかや,4,fall
邯鄲,かんたん,4,fall
竿燈,かんとう,4,fall
カンナ,かんな,3,fall
寒露,かんろ,3,fall
桔梗,ききょう,3,fall
菊,きく,2,fall
菊供養,きくくよう,5,fall
菊膾,きくなます,5,fall
菊人形,きくにんぎょう,6,fall
菊枕,きくまくら,5,fall
鬼城忌,きじょうき,4,fall
啄木鳥,きつつき,4,fall
衣被,きぬかつぎ,5,fall
絹雲,きぬぐも,4,fall
砧,きぬた,3,fall
茸,きのこ,3,fall
黍,きび,2,fall
黍嵐,きびあらし,5,fall
休暇明け,きゅうかあけ,5,fall
凶作,きょうさく,4,fall
去来忌,きょらいき,4,fall
霧,きり,2,fall
螽蟖,きりぎりす,5,fall
桐の実,きりのみ,4,fall
桐一葉,きりひとは,5,fall
金柑,きんかん,4,fall
銀杏,ぎんなん,4,fall
九月,くがつ,3,fall
九月尽,くがつじん,5,fall
枸杞の実,くこのみ,4,fall
臭木の花,くさぎのはな,6,fall
臭木の実,くさぎのみ,5,fall
草の市,くさのいち,5,fall
草の花,くさのはな,5,fall
草の穂,くさのほ,4,fall
草の実,くさのみ,4,fall
草雲雀,くさひばり,5,fall
草紅葉,くさもみじ,5,fall
薬掘る,くすりほる,5,fall
葛,くず,2,fall
葛の花,くずのはな,5,fall
葛掘る,くずほる,4,fall
崩れ梁,くずれやな,5,fall
下り梁,くだりやな,5,fall
梔子の実,くちなしのみ,6,fall
轡虫,くつわむし,5,fall
九年母,くねんぼ,4,fall
鞍馬の火祭,くらまのひまつり,8,fall
栗,くり,2,fall
栗虫,くりむし,4,fall
栗飯,くりめし,4,fall
胡桃,くるみ,3,fall
暮の秋,くれのあき,5,fall
茱萸,ぐみ,2,fall
鶏頭,けいとう,4,fall
敬老の日,けいろうのひ,6,fall
螻蛄鳴く,けらなく,4,fall
芸術祭,げいじゅつさい,6,fall
解夏,げげ,2,fall
源義忌,げんよしき,5,fall
柑子,こうじ,3,fall
黄葉,こうよう,4,fall
黄落,こうらく,4,fall
蟋蟀,こおろぎ,4,fall
古酒,こしゅ,2,fall
コスモス,こすもす,4,fall
小鳥狩,ことりがり,5,fall
木の実,このみ,3,fall
細杷,こまざらい,5,fall
牛蒡引く,ごぼうひく,5,fall
胡麻,ごま,2,fall
西鶴忌,さいかくき,5,fall
皀角子,さいかち,4,fall
桜紅葉,さくらもみじ,6,fall
鮭,さけ,2,fall
ささげ,ささげ,3,fall
甘藷,さつまいも,5,fall
サフラン,さふらん,4,fall
猿酒,さるざけ,4,fall
爽やか,さわやか,4,fall
珊瑚樹の実,さんごじゅのみ,6,fall
山椒売,さんしょううり,6,fall
山椒の実,さんしょうのみ,6,fall
秋刀魚,さんま,3,fall
石榴,ざくろ,3,fall
残菊,ざんぎく,4,fall
残暑,ざんしょ,3,fall
椎茸,しいたけ,4,fall
椎の実,しいのみ,4,fall
紫苑,しおん,3,fall
鹿,しか,2,fall
鹿の角伐,しかのつのきり,7,fall
子規忌,しきき,3,fall
鴫,しぎ,2,fall
鹿垣,ししがき,4,fall
紫蘇の実,しそのみ,4,fall
樝子の実,しどみのみ,5,fall
芝神明祭,しばしんめいまつり,9,fall
渋取,しぶとり,4,fall
占地,しめじ,3,fall
秋海棠,しゅうかいどう,6,fall
秋気,しゅうき,3,fall
秋耕,しゅうこう,4,fall
秋思,しゅうし,3,fall
秋雪,しゅうせつ,4,fall
終戦記念日,しゅうせんきねんび,8,fall
秋分の日,しゅうぶんのひ,6,fall
秋冷,しゅうれい,4,fall
生姜,しょうが,3,fall
生姜市,しょうがいち,5,fall
障子洗う,しょうじあらう,6,fall
処暑,しょしょ,2,fall
不知火,しらぬい,4,fall
震災記念日,しんさいきねんび,8,fall
新酒,しんしゅ,3,fall
新蕎麦,しんそば,4,fall
新松子,しんちぢり,5,fall
新豆腐,しんどうふ,5,fall
新米,しんまい,4,fall
新涼,しんりょう,4,fall
新藁,しんわら,4,fall
地芝居,じしばい,4,fall
地蔵盆,じぞうぼん,5,fall
時代祭,じだいまつり,6,fall
自然薯,じねんじょ,4,fall
馬鈴薯,じゃがいも,4,fall
十月,じゅうがつ,4,fall
熟柿,じゅくし,3,fall
数珠玉,じゅずだま,4,fall
水巴忌,すいはき,4,fall
杉の実,すぎのみ,4,fall
冷まじ,すさまじ,4,fall
素十忌,すじゅうき,4,fall
芒,すすき,3,fall
鱸,すずき,3,fall
鈴虫,すずむし,4,fall
硯洗,すずりあらい,6,fall
酸橘,すだち,3,fall
相撲,すもう,3,fall
芋茎,ずいき,3,fall
背高泡立草,せいたかあわだちそう,10,fall
施餓鬼,せがき,3,fall
鶺鴒,せきれい,4,fall
宗祇忌,そうぎき,4,fall
霜降,そうこう,4,fall
添水,そうづ,3,fall
そぞろ寒,そぞろさむ,5,fall
藁麦刈,そばかり,4,fall
蕎麦の花,そばのはな,5,fall
雑木紅葉,ぞうきもみじ,6,fall
体育の日,たいいくのひ,6,fall
台風,たいふう,4,fall
高きに登る,たかきにのぼる,7,fall
鷹渡る,たかわたる,5,fall
茸狩,たけがり,4,fall
竹伐,たけきる,4,fall
竹の春,たけのはる,5,fall
橘,たちばな,4,fall
立待月,たちまちづき,6,fall
龍田姫,たつたひめ,5,fall
蓼の花,たでのはな,5,fall
七夕,たなばた,4,fall
種採,たねとり,4,fall
種茄子,たねなす,4,fall
煙草の花,たばこのはな,6,fall
魂祭,たままつり,5,fall
大豆,だいず,3,fall
橙,だいだい,4,fall
大文字,だいもんじ,5,fall
蛇笏忌,だこつき,4,fall
茶立虫,ちゃたてむし,5,fall
中元,ちゅうげん,4,fall
仲秋,ちゅうしゅう,4,fall
重陽,ちょうよう,4,fall
月,つき,2,fall
月見,つきみ,3,fall
鶫,つぐみ,3,fall
蔦,つた,2,fall
椿の実,つばきのみ,5,fall
燕帰る,つばめかえる,6,fall
露,つゆ,2,fall
露草,つゆくさ,4,fall
露寒,つゆさむ,4,fall
蔓梅擬,つるうめもどき,7,fall
鶴来る,つるきたる,5,fall
釣瓶落し,つるべおとし,6,fall
汀女忌,ていじょき,4,fall
照葉,てりは,3,fall
燈火親しむ,とうかしたしむ,7,fall
冬瓜,とうが,3,fall
唐辛子,とうがらし,5,fall
玉蜀黍,とうもろこし,6,fall
灯籠,とうろう,4,fall
灯籠流し,とうろうながし,7,fall
十日夜,とおかんや,5,fall
木賊刈る,とくさかる,5,fall
年尾忌,としおき,4,fall
橡の実,とちのみ,4,fall
鳥威し,とりおどし,5,fall
鳥兜,とりかぶと,5,fall
とろろ汁,とろろじる,5,fall
道元忌,どうげんき,5,fall
毒茸,どくたけ,4,fall
団栗,どんぐり,4,fall
中稲,なかて,3,fall
薯蕷,ながいも,4,fall
長月,ながつき,4,fall
梨,なし,2,fall
刀豆,なたまめ,4,fall
棗の実,なつめのみ,5,fall
撫子,なでしこ,4,fall
ななかまど,ななかまど,5,fall
鳴子,なるこ,3,fall
南天の実,なんてんのみ,6,fall
南蛮煙管,なんばんぎせる,7,fall
苦瓜,にがうり,4,fall
濁り酒,にごりざけ,5,fall
錦木,にしきぎ,4,fall
二百十日,にひゃくとおか,6,fall
白膠木紅葉,ぬるでもみじ,6,fall
根釣,ねづり,3,fall
佞武多,ねぶた,3,fall
野菊,のぎく,3,fall
後の月,のちのつき,5,fall
野分,のわき,3,fall
墓参,はかまいり,5,fall
萩,はぎ,2,fall
萩刈る,はぎかる,4,fall
白露,はくろ,3,fall
葉鶏頭,はげいとう,5,fall
稲架,はざ,2,fall
蓮の実,はすのみ,4,fall
鯊,はぜ,2,fall
櫨ちぎり,はぜちぎり,5,fall
鯊釣,はぜつり,4,fall
櫨の実,はぜのみ,4,fall
櫨紅葉,はぜもみじ,5,fall
肌寒,はださむ,4,fall
八月,はちがつ,4,fall
八朔,はっさく,4,fall
八朔の祝,はっさくのいわい,8,fall
初秋,はつあき,4,fall
初嵐,はつあらし,5,fall
初鴨,はつがも,4,fall
初潮,はつしお,4,fall
初茸,はつたけ,4,fall
初紅葉,はつもみじ,5,fall
葉月,はづき,3,fall
鳩吹,はとふき,4,fall
花野,はなの,3,fall
柞,ははそ,3,fall
隼人瓜,はやとうり,5,fall
海蠃廻し,ばいまわし,5,fall
芭蕉,ばしょう,3,fall
螇蚚,ばった,3,fall
晩秋,ばんしゅう,4,fall
稗,ひえ,2,fall
蜩,ひぐらし,4,fall
菱の実,ひしのみ,4,fall
鶲,ひたき,3,fall
穭,ひつじ,3,fall
穭田,ひつじだ,4,fall
百八燈,ひゃくはちとう,6,fall
冷やか,ひややか,4,fall
瓢の実,ひょんのみ,4,fall
鵯,ひよどり,4,fall
鶸,ひわ,2,fall
美男葛,びなんかづら,6,fall
ピラカンサの実,ぴらかんさのみ,7,fall
瓢,ふくべ,3,fall
更待月,ふけまちづき,6,fall
五倍子,ふし,2,fall
五倍子,ふし,2,fall
臥待月,ふしまちづき,6,fall
富士の初雪,ふじのはつゆき,7,fall
藤の実,ふじのみ,4,fall
藤袴,ふじばかま,5,fall
文月,ふみづき,4,fall
冬支度,ふゆじたく,5,fall
冬近し,ふゆちかし,5,fall
冬の磯,ふゆのいそ,5,fall
芙蓉,ふよう,3,fall
普羅忌,ふらき,3,fall
風炉の名残,ふろのなごり,6,fall
葡萄,ぶどう,3,fall
文化の日,ぶんかのひ,5,fall
糸瓜,へちま,3,fall
放屁虫,へひりむし,5,fall
蛇穴に入る,へびあなにいる,7,fall
べつたら市,べったらいち,6,fall
弁慶草,べんけいそう,6,fall
箒草,ほうきくさ,5,fall
法師蟬,ほうしぜみ,5,fall
鳳仙花,ほうせんか,5,fall
豊年,ほうねん,4,fall
鬼灯,ほおずき,4,fall
干柿,ほしがき,4,fall
星月夜,ほしづきよ,5,fall
杜鵑草,ほととぎす,5,fall
木瓜の実,ぼけのみ,4,fall
牡丹根分,ぼたんねわけ,6,fall
菩提子,ぼだいし,4,fall
鰡,ぼら,2,fall
盆狂言,ぼんきょうげん,6,fall
盆の月,ぼんのつき,5,fall
盆休み,ぼんやすみ,5,fall
盆用意,ぼんようい,5,fall
真菰の馬,まこものうま,6,fall
真菰の花,まこものはな,6,fall
木天蓼の実,またたびのみ,6,fall
松茸,まつたけ,4,fall
松茸飯,まつたけめし,6,fall
松手入,まつていれ,5,fall
松虫,まつむし,4,fall
松虫草,まつむしそう,6,fall
待宵,まつよい,4,fall
間引菜,まびきな,4,fall
檀の実,まゆみのみ,5,fall
曼珠沙華,まんじゅしゃげ,5,fall
水草紅葉,みずくさもみじ,7,fall
水澄む,みずすむ,4,fall
水引の花,みずひきのはな,7,fall
みせばや,みせばや,4,fall
千屈菜,みそはぎ,4,fall
溝蕎麦,みぞそば,4,fall
身に入む,みにしむ,4,fall
蓑虫,みのむし,4,fall
稔り田,みのりだ,4,fall
蚯蚓鳴く,みみずなく,5,fall
茗荷の花,みょうがのはな,6,fall
零余子,むかご,3,fall
零余子飯,むかごめし,5,fall
木槿,むくげ,3,fall
椋鳥,むくどり,4,fall
椋の実,むくのみ,4,fall
無患子,むくろじ,4,fall
無月,むげつ,3,fall
虫,むし,2,fall
虫売,むしうり,4,fall
郁子,むべ,2,fall
紫式部,むらさきしきぶ,7,fall
名月,めいげつ,4,fall
めはじき,めはじき,4,fall
木犀,もくせい,4,fall
鵙,もず,2,fall
籾,もみ,2,fall
紅葉,もみじ,3,fall
紅葉かつ散る,もみじかつちる,7,fall
紅葉狩,もみじがり,5,fall
紅葉鮒,もみじぶな,5,fall
桃,もものみ,4,fall
守武忌,もりたけき,5,fall
夜学,やがく,3,fall
夜食,やしょく,3,fall
柳散る,やなぎちる,5,fall
八幡放生会,やはたほうじょうえ,8,fall
夜半忌,やはんき,4,fall
薮枯らし,やぶからし,5,fall
藪虱,やぶじらみ,5,fall
山梨の実,やまなしのみ,6,fall
山葡萄,やまぶどう,5,fall
やや寒,ややさむ,4,fall
敗荷,やれはす,4,fall
破れ芭蕉,やればしょう,5,fall
夕顔の実,ゆうがおのみ,6,fall
行く秋,ゆくあき,4,fall
柚子,ゆず,2,fall
柚味噌,ゆみそ,3,fall
宵闇,よいやみ,4,fall
夜寒,よさむ,3,fall
吉田火祭,よしだひまつり,7,fall
夜長,よなが,3,fall
夜なべ,よなべ,3,fall
落花生,らっかせい,5,fall
立秋,りっしゅう,4,fall
流星,りゅうせい,4,fall
良夜,りょうや,3,fall
林火忌,りんかき,4,fall
林檎,りんご,3,fall
竜胆,りんどう,4,fall
檸檬,れもん,3,fall
六斎念仏,ろくさいねんぶつ,8,fall
六道参,ろくどうまいり,7,fall
若煙草,わかたばこ,5,fall
早稲,わせ,2,fall
棉,わた,2,fall
綿取,わたとり,4,fall
渡り鳥,わたりどり,5,fall
藁塚,わらづか,4,fall
吾亦紅,われもこう,5,fall
アイスホッケー,あいすほっけー,7,winter
青木の実,あおきのみ,5,winter
皸,あかぎれ,4,winter
網代,あじろ,3,winter
熱燗,あつかん,4,winter
厚司,あつし,3,winter
神在祭,あみありまつり,7,winter
霰,あられ,3,winter
亜浪忌,あろうき,4,winter
アロエの花,あろえのはな,6,winter
行火,あんか,3,winter
鮟鱇,あんこう,4,winter
鮟鱇鍋,あんこうなべ,6,winter
藺植う,いうう,3,winter
息白し,いきしろし,5,winter
池普請,いけぶしん,5,winter
魦,いさぎ,3,winter
鼬,いたち,3,winter
鼬罠,いたちわな,5,winter
一月,いちがつ,4,winter
銀杏落葉,いちょうおちば,6,winter
一葉忌,いちようき,5,winter
一茶忌,いっさき,4,winter
一碧楼忌,いっぺきろうき,7,winter
凍滝,いてたき,4,winter
凍土,いてつち,4,winter
亥の子,いのこ,3,winter
囲炉裏,いろり,3,winter
兎,うさぎ,3,winter
兎狩,うさぎがり,5,winter
潤目鰯,うるめいわし,6,winter
恵比寿講,えびすこう,5,winter
襟巻,えりまき,4,winter
狼,おおかみ,4,winter
御火焚,おおたき,4,winter
大晦日,おおみそか,5,winter
奥三河花祭,おくみかわはなまつり,10,winter
おくんち,おくんち,4,winter
鴛鴦,おしどり,4,winter
落葉,おちば,3,winter
乙字忌,おつじき,4,winter
おでん,おでん,3,winter
御取越,おとりこし,5,winter
鬼柚子,おにゆず,4,winter
帯解,おびとき,4,winter
御神渡,おみわたり,5,winter
御命講,おめいこう,5,winter
温室,おんしつ,4,winter
開戦日,かいせんび,5,winter
鳰,かいつぶり,5,winter
懐炉,かいろ,3,winter
帰り花,かえりばな,5,winter
顔見世,かおみせ,4,winter
牡蠣,かき,2,winter
柿落葉,かきおちば,5,winter
牡蛎船,かきぶね,4,winter
牡蠣剥く,かきむく,4,winter
杜父魚,かくぶつ,4,winter
角巻,かくまき,4,winter
神楽,かぐら,3,winter
重ね着,かさねぎ,4,winter
風花,かざはな,4,winter
風除,かざよけ,4,winter
飾売,かざりうり,5,winter
火事,かじ,2,winter
悴む,かじかむ,4,winter
春日万燈篭,かすがまんとうろう,9,winter
粕汁,かすじる,4,winter
春日若宮おん祭,かずがわかみやおんまつり,12,winter
風邪,かぜ,2,winter
数え日,かぞえび,4,winter
門松立つ,かどまつたつ,6,winter
蕪,かぶら,3,winter
蕪汁,かぶらじる,5,winter
鎌鼬,かまいたち,5,winter
竃猫,かまどねこ,5,winter
髪置,かみおき,4,winter
神送り,かみおくり,5,winter
紙子,かみこ,3,winter
紙漉,かみすき,4,winter
神の旅,かみのたび,5,winter
神の留守,かみのるす,5,winter
神迎,かみむかえ,5,winter
鴨,かも,2,winter
空風,からかぜ,4,winter
神等去出の神事,からさでのしんじ,8,winter
乾鮭,からざけ,4,winter
狩,かり,2,winter
枯蘆,かれあし,4,winter
枯木,かれき,3,winter
枯菊,かれぎく,4,winter
枯草,かれくさ,4,winter
枯桑,かれくわ,4,winter
枯芝,かれしば,4,winter
枯芒,かれすすき,5,winter
枯園,かれその,4,winter
枯蔓,かれづる,4,winter
枯蟷螂,かれとうろう,6,winter
枯野,かれの,3,winter
枯葉,かれは,3,winter
枯萩,かれはぎ,4,winter
枯蓮,かれはす,4,winter
枯芭蕉,かればしょう,5,winter
枯芙蓉,かれふよう,5,winter
枯葎,かれむぐら,5,winter
枯柳,かれやなぎ,5,winter
カレンダー,かれんだー,5,winter
革衣,かわごろも,5,winter
河郎忌,かわろうき,5,winter
寒,かん,2,winter
寒葵,かんあおい,5,winter
寒猿,かんえん,4,winter
寒鴉,かんがらす,5,winter
寒灸,かんきゅう,4,winter
寒菊,かんぎく,4,winter
寒稽古,かんげいこ,5,winter
寒鯉,かんごい,4,winter
寒声,かんごえ,4,winter
寒肥,かんごえ,4,winter
寒垢離,かんごり,4,winter
寒晒,かんざらし,5,winter
寒蜆,かんしじみ,5,winter
甘蔗刈,かんしょかり,5,winter
樏,かんじき,4,winter
寒雀,かんすずめ,5,winter
寒施行,かんせぎょう,5,winter
寒卵,かんたまご,5,winter
寒中水泳,かんちゅうすいえい,8,winter
寒潮,かんちょう,4,winter
寒椿,かんつばき,5,winter
寒造,かんづくり,5,winter
寒釣,かんづり,4,winter
寒天製す,かんてんせいす,7,winter
神無月,かんなづき,5,winter
寒念仏,かんねんぶつ,6,winter
寒の入,かんのいり,5,winter
寒の水,かんのみず,5,winter
寒晴,かんばれ,4,winter
寒波,かんぱ,3,winter
寒弾,かんびき,4,winter
寒鮒,かんぶな,4,winter
寒紅,かんべに,4,winter
寒木瓜,かんぼけ,4,winter
寒牡丹,かんぼたん,5,winter
寒参,かんまいり,5,winter
寒見舞,かんみまい,5,winter
寒餅,かんもち,4,winter
寒林,かんりん,4,winter
外套,がいとう,4,winter
賀状書く,がじょうかく,5,winter
雁木,がんぎ,3,winter
北風,きたかぜ,4,winter
北窓塞ぐ,きたまどふさぐ,7,winter
狐,きつね,3,winter
狐火,きつねび,4,winter
狐罠,きつねわな,5,winter
着ぶくれ,きぶくれ,4,winter
切干,きりぼし,4,winter
勤労感謝の日,きんろうかんしゃのひ,9,winter
義士会,ぎしかい,4,winter
空也忌,くうやき,4,winter
茎漬,くきづけ,4,winter
嚔,くさめ,3,winter
鯨,くじら,3,winter
鯨汁,くじらじる,5,winter
薬喰,くすりぐい,5,winter
葛晒す,くずさらす,5,winter
葛湯,くずゆ,3,winter
口切,くちきり,4,winter
熊,くま,2,winter
熊突,くまつき,4,winter
熊祭,くままつり,5,winter
クリオネ,くりおね,4,winter
クリスマス,くりすます,5,winter
けあらし,けあらし,4,winter
毛糸編む,けいとあむ,5,winter
毛皮,けがわ,3,winter
毛衣,けごろも,4,winter
厳寒,げんかん,4,winter
降誕祭,こうたんさい,6,winter
氷,こおり,3,winter
凍る,こおる,3,winter
木枯,こがらし,4,winter
炬燵,こたつ,3,winter
木の葉,このは,3,winter
木の葉髪,このはがみ,5,winter
海鼠腸,このわた,4,winter
小春,こはる,3,winter
氷下魚,こまい,3,winter
暦売,こよみうり,5,winter
蒟蒻掘る,こんにゃくほる,6,winter
御用納,ごようおさめ,6,winter
笹鳴,ささなき,4,winter
山茶花,さざんか,4,winter
札幌雪祭,さっぽろゆきまつり,9,winter
里神楽,さとかぐら,5,winter
寒し,さむし,3,winter
鮫,さめ,2,winter
冴ゆ,さゆ,2,winter
三寒四温,さんかんしおん,7,winter
三平汁,さんぺいじる,6,winter
朱欒,ざぼん,3,winter
塩鮭,しおざけ,4,winter
敷松葉,しきまつば,5,winter
時雨,しぐれ,3,winter
柳葉魚,ししゃも,3,winter
歯朶刈,しだかり,4,winter
七五三,しちごさん,5,winter
凍豆腐,しみどうふ,5,winter
注連飾る,しめかざる,5,winter
注連作,しめつくり,5,winter
霜,しも,2,winter
霜枯,しもがれ,4,winter
霜月,しもつき,4,winter
霜柱,しもばしら,5,winter
霜焼,しもやけ,4,winter
霜夜,しもよ,3,winter
霜除,しもよけ,4,winter
社会鍋,しゃかいなべ,5,winter
小寒,しょうかん,4,winter
正月事始,しょうがつことはじめ,9,winter
障子,しょうじ,3,winter
ショール,しょーる,3,winter
師走,しわす,3,winter
神農祭,しんのうさい,6,winter
新海苔,しんのり,4,winter
ジャケツ,じゃけつ,3,winter
十一月,じゅういちがつ,6,winter
絨緞,じゅうたん,4,winter
十二月,じゅうにがつ,5,winter
十夜,じゅうや,3,winter
樹氷,じゅひょう,3,winter
除夜,じょや,2,winter
除夜の鐘,じょやのかね,5,winter
除夜詣,じょやもうで,5,winter
水仙,すいせん,4,winter
すが漏り,すがもり,4,winter
隙間風,すきまかぜ,5,winter
鋤焼,すきやき,4,winter
スキー,すきー,3,winter
酢茎,すぐき,3,winter
スケート,すけーと,4,winter
煤払,すすはらい,5,winter
ストーブ,すとーぶ,4,winter
炭,すみ,2,winter
炭焼,すみやき,4,winter
頭巾,ずきん,3,winter
青邨忌,せいそんき,5,winter
青畝忌,せいほき,4,winter
咳,せき,2,winter
石炭,せきたん,4,winter
節分,せつぶん,4,winter
背蒲団,せなぶとん,5,winter
千両,せんりょう,4,winter
セーター,せーたー,4,winter
草城忌,そうじょうき,5,winter
漱石忌,そうせきき,5,winter
早梅,そうばい,4,winter
蘇鉄の実,そてつのみ,5,winter
蕎麦掻,そばがき,4,winter
橇,そり,2,winter
雑炊,ぞうすい,4,winter
鯛焼,たいやき,4,winter
鷹,たか,2,winter
鷹狩,たかがり,4,winter
焚火,たきび,3,winter
沢庵,たくあん,4,winter
竹馬,たけうま,4,winter
畳替,たたみがえ,5,winter
竹瓮,たっぺ,3,winter
炭団,たどん,3,winter
狸,たぬき,3,winter
狸汁,たぬきじる,5,winter
狸罠,たぬきわな,5,winter
足袋,たび,2,winter
玉子酒,たまござけ,5,winter
鱈,たら,2,winter
短日,たんじつ,4,winter
探梅,たんばい,4,winter
大寒,だいかん,4,winter
大根焚,だいこたき,5,winter
大根の葉,だいこのは,5,winter
大根,だいこん,4,winter
大根洗ふ,だいこんあらう,7,winter
大根引,だいこんひき,6,winter
大根干す,だいこんほす,6,winter
大師講,だいしこう,5,winter
ダイヤモンドダスト,だいやもんどだすと,9,winter
達磨忌,だるまき,4,winter
暖房,だんぼう,4,winter
近松忌,ちかまつき,5,winter
秩父夜祭,ちちぶよまつり,7,winter
千鳥,ちどり,3,winter
茶の花,ちゃのはな,4,winter
ちやんちやんこ,ちやんちやんこ,7,winter
追儺,ついな,3,winter
石蕗の花,つはのはな,5,winter
冷たし,つめたし,4,winter
氷柱,つらら,3,winter
鶴,つる,2,winter
貞徳忌,ていとくき,5,winter
手袋,てぶくろ,4,winter
天皇誕生日,てんのうたんじょうび,9,winter
電気毛布,でんきもうふ,6,winter
冬耕,とうこう,4,winter
冬至,とうじ,3,winter
冬眠,とうみん,4,winter
年惜しむ,としおしむ,5,winter
年木樵,としきこり,5,winter
年越,としこし,4,winter
年篭,としごもり,5,winter
年の市,としのいち,5,winter
年の内,としのうち,5,winter
年の暮,としのくれ,5,winter
年守る,としまもる,5,winter
年用意,としようい,5,winter
年忘,としわすれ,5,winter
寅彦忌,とらひこき,5,winter
酉の市,とりのいち,5,winter
泥鰌掘る,どじょうほる,5,winter
褞袍,どてら,3,winter
納豆汁,なっとじる,5,winter
名の木枯る,なのきかる,5,winter
名の草枯る,なのくさかる,6,winter
鍋焼,なべやき,4,winter
海鼠,なまこ,3,winter
波の花,なみのはな,5,winter
煮凝,にこごり,4,winter
日記買う,にっきかう,5,winter
日記果つ,にっきはつ,5,winter
人参,にんじん,4,winter
葱,ねぎ,2,winter
根深汁,ねぶかじる,5,winter
ねんねこ,ねんねこ,4,winter
年末賞与,ねんまつしょうよ,7,winter
のっぺい汁,のっぺいじる,6,winter
袴着,はかまぎ,4,winter
掃納,はきおさめ,5,winter
波郷忌,はきょうき,4,winter
白菜,はくさい,4,winter
白鳥,はくちょう,4,winter
羽子板市,はごいたいち,6,winter
蓮根掘る,はすねほる,5,winter
鰰,はたはた,4,winter
鉢叩,はちたたき,5,winter
初氷,はつごおり,5,winter
初時雨,はつしぐれ,5,winter
初霜,はつしも,4,winter
初冬,はつふゆ,4,winter
初雪,はつゆき,4,winter
葉牡丹,はぼたん,4,winter
針供養,はりくよう,5,winter
春近し,はるちかし,5,winter
春待つ,はるまつ,4,winter
阪神大震災忌,はんしんだいしんさいき,11,winter
芭蕉忌,ばしょうき,4,winter
日脚伸ぶ,ひあしのぶ,5,winter
避寒,ひかん,3,winter
久女忌,ひさじょき,4,winter
膝掛,ひざかけ,4,winter
日向ぼこ,ひなたぼこ,5,winter
火の番,ひのばん,4,winter
火鉢,ひばち,3,winter
柊挿す,ひひらぎさす,6,winter
柊の花,ひひらぎのはな,7,winter
胼,ひび,2,winter
氷海,ひょうかい,4,winter
氷湖,ひょうこ,3,winter
鰭酒,ひれざけ,4,winter
枇杷の花,びはのはな,5,winter
屏風,びょうぶ,3,winter
鞴祭,ふいごまつり,6,winter
梟,ふくろう,4,winter
河豚,ふぐ,2,winter
河豚汁,ふぐじる,4,winter
柴漬,ふしづけ,4,winter
衾,ふすま,3,winter
襖,ふすま,3,winter
札納,ふだおさめ,5,winter
懐手,ふところで,5,winter
蒲団,ふとん,3,winter
吹雪,ふぶき,3,winter
冬,ふゆ,2,winter
冬暖か,ふゆあたたか,6,winter
冬安居,ふゆあんご,5,winter
冬苺,ふゆいちご,5,winter
冬鷗,ふゆかもめ,5,winter
冬霞,ふゆがすみ,5,winter
冬構,ふゆがまえ,5,winter
冬枯,ふゆがれ,4,winter
冬木,ふゆき,3,winter
冬草,ふゆくさ,4,winter
冬籠,ふゆごもり,5,winter
冬桜,ふゆざくら,5,winter
冬座敷,ふゆざしき,5,winter
冬ざれ,ふゆざれ,4,winter
冬菫,ふゆすみれ,5,winter
冬薔薇,ふゆそうび,5,winter
冬田,ふゆた,3,winter
冬尽く,ふゆつく,4,winter
冬菜,ふゆな,3,winter
冬凪,ふゆなぎ,4,winter
冬虹,ふゆにじ,4,winter
冬野,ふゆの,3,winter
冬の朝,ふゆのあさ,5,winter
冬の虻,ふゆのあぶ,5,winter
冬の雨,ふゆのあめ,5,winter
冬の鴬,ふゆのうぐいす,7,winter
冬の海,ふゆのうみ,5,winter
冬の梅,ふゆのうめ,5,winter
冬の雁,ふゆのかり,5,winter
冬の川,ふゆのかわ,5,winter
冬の霧,ふゆのきり,5,winter
冬の雲,ふゆのくも,5,winter
冬の暮,ふゆのくれ,5,winter
冬の空,ふゆのそら,5,winter
冬の蝶,ふゆのちょう,5,winter
冬の月,ふゆのつき,5,winter
冬の鳥,ふゆのとり,5,winter
冬の波,ふゆのなみ,5,winter
冬の虹,ふゆのにじ,5,winter
冬の蠅,ふゆのはえ,5,winter
冬の蜂,ふゆのはち,5,winter
冬の日,ふゆのひ,4,winter
冬の燈,ふゆのひ,4,winter
冬の星,ふゆのほし,5,winter
冬の水,ふゆのみず,5,winter
冬の虫,ふゆのむし,5,winter
冬の鵙,ふゆのもず,5,winter
冬の靄,ふゆのもや,5,winter
冬の山,ふゆのやま,5,winter
冬の夕焼,ふゆのゆうやけ,7,winter
冬の夜,ふゆのよ,4,winter
冬の雷,ふゆのらい,5,winter
冬花火,ふゆはなび,5,winter
冬晴,ふゆばれ,4,winter
冬旱,ふゆひでり,5,winter
冬雲雀,ふゆひばり,5,winter
冬深し,ふゆふかし,5,winter
冬服,ふゆふく,4,winter
冬帽子,ふゆぼうし,5,winter
冬めく,ふゆめく,4,winter
冬萌,ふゆもえ,4,winter
冬紅葉,ふゆもみじ,5,winter
冬館,ふゆやかた,5,winter
冬休み,ふゆやすみ,5,winter
古暦,ふるごよみ,5,winter
風呂吹,ふろふき,4,winter
蕪村忌,ぶそんき,4,winter
仏手柑,ぶっしゅかん,5,winter
鰤,ぶり,2,winter
鰤網,ぶりあみ,4,winter
鰤起し,ぶりおこし,5,winter
碧梧桐忌,へきごとうき,6,winter
報恩講,ほうおんこう,6,winter
魴鮄,ほうぼう,4,winter
捕鯨,ほげい,3,winter
干菜汁,ほしなじる,5,winter
干菜吊る,ほしなつる,5,winter
榾,ほだ,2,winter
朴落葉,ほほおちば,5,winter
頬被,ほほかむり,5,winter
防雪林,ぼうせつりん,6,winter
ボジョレー・ヌーヴォー,ぼじょれーぬーぼー,8,winter
牡丹焚火,ぼたんたきび,6,winter
牡丹鍋,ぼたんなべ,5,winter
ボロ市,ぼろいち,4,winter
ポインセチア,ぽいんせちあ,6,winter
鮪,まぐろ,3,winter
マスク,ますく,3,winter
松葉蟹,まつばがに,5,winter
豆撒,まめまき,4,winter
マント,まんと,3,winter
万両,まんりょう,4,winter
蜜柑,みかん,3,winter
三島忌,みしまき,4,winter
水涸る,みずかる,4,winter
水鳥,みずどり,4,winter
水洟,みずばな,4,winter
瑞穂,みずほ,3,winter
水餅,みずもち,4,winter
晦日蕎麦,みそかそば,5,winter
鷦鷯,みそさざい,5,winter
味噌搗,みそつき,4,winter
霙,みぞれ,3,winter
木菟,みみづく,4,winter
耳袋,みみぶくろ,5,winter
都鳥,みやこどり,5,winter
麦の芽,むぎのめ,4,winter
麦蒔,むぎまき,4,winter
むささび,むささび,4,winter
霧氷,むひょう,3,winter
室咲,むろざき,4,winter
和布刈神事,めかりのしんじ,7,winter
目貼,めばり,3,winter
毛布,もうふ,3,winter
虎落笛,もがりぶえ,5,winter
餅,もち,2,winter
餅搗,もちつき,4,winter
紅葉散る,もみじちる,5,winter
股引,ももひき,4,winter
焼藷,やきいも,4,winter
厄払,やくはらい,5,winter
ヤッケ,やっけ,3,winter
八手の花,やつでのはな,6,winter
藪柑子,やぶこうじ,5,winter
藪巻,やぶまき,4,winter
山眠る,やまねむる,5,winter
闇汁,やみじる,4,winter
雪,ゆき,2,winter
雪遊び,ゆきあそび,5,winter
雪起し,ゆきおこし,5,winter
雪折,ゆきおれ,4,winter
雪下し,ゆきおろし,5,winter
雪掻,ゆきかき,4,winter
雪囲,ゆきがこい,5,winter
雪合羽,ゆきがっぱ,5,winter
雪沓,ゆきぐつ,4,winter
雪しまき,ゆきしまき,5,winter
雪女郎,ゆきじょろう,5,winter
雪達磨,ゆきだるま,5,winter
雪吊,ゆきつり,4,winter
雪晴,ゆきばれ,4,winter
雪踏,ゆきふみ,4,winter
雪見,ゆきみ,3,winter
雪眼,ゆきめ,3,winter
雪眼鏡,ゆきめがね,5,winter
雪催,ゆきもよい,5,winter
雪焼,ゆきやけ,4,winter
行く年,ゆくとし,4,winter
湯気立て,ゆげたて,4,winter
湯ざめ,ゆざめ,3,winter
柚子湯,ゆずゆ,3,winter
湯婆,ゆたんぽ,4,winter
湯豆腐,ゆどうふ,4,winter
夜着,よぎ,2,winter
寄鍋,よせなべ,4,winter
夜鷹蕎麦,よたかそば,5,winter
ラグビー,らぐびー,4,winter
嵐雪忌,らんせつき,5,winter
立冬,りっとう,4,winter
竜の玉,りゅうのたま,5,winter
ルミナリエ,るみなりえ,5,winter
冷海,れいかい,4,winter
レノン忌,れのんき,4,winter
煉炭,れんたん,4,winter
臘八会,ろうはつえ,5,winter
臘梅,ろうばい,4,winter
炉開,ろびらき,4,winter
鷲,わし,2,winter
綿入,わたいれ,4,winter
綿虫,わたむし,4,winter
侘助,わびすけ,4,winter
藁仕事,わらしごと,5,winter
小豆粥,あづきがゆ,5,new_year
伊勢海老,いせえび,4,new_year
五日,いつか,3,new_year
寝積む,いねつむ,4,new_year
鷽替,うそかえ,4,new_year
謡初,うたいぞめ,5,new_year
歌会始,うたかいはじめ,7,new_year
馬騎初,うまのりぞめ,6,new_year
恵方詣,えほうまいり,6,new_year
会陽,えよう,3,new_year
えんぶり,えんぶり,4,new_year
大服,おおぶく,4,new_year
御行,おぎょう,3,new_year
白朮詣,おけらまいり,6,new_year
御降り,おさがり,4,new_year
鬼打木,おにうちぎ,5,new_year
女正月,おんなしょがつ,6,new_year
買初,かいぞめ,4,new_year
傀儡師,かいらいし,5,new_year
鏡開,かがみびらき,6,new_year
鏡餅,かがみもち,5,new_year
書初,かきぞめ,4,new_year
飾,かざり,3,new_year
飾臼,かざりうす,5,new_year
飾海老,かざりえび,5,new_year
飾納,かざりおさめ,6,new_year
飾米,かざりこめ,5,new_year
数の子,かずのこ,4,new_year
門松,かどまつ,4,new_year
かまくら,かまくら,4,new_year
粥杖,かゆづえ,4,new_year
歌留多,かるた,3,new_year
賀状,がじょう,3,new_year
元日,がんじつ,4,new_year
元朝,がんちょう,4,new_year
着衣始,きそはじめ,5,new_year
切山椒,きりざんしょう,6,new_year
御慶,ぎょけい,3,new_year
喰積,くいつみ,4,new_year
国栖奏,くずそう,4,new_year
蔵開,くらびらき,5,new_year
鍬始,くわはじめ,5,new_year
稽古始,けいこはじめ,6,new_year
講書始,こうしょはじめ,6,new_year
小正月,こしょうがつ,5,new_year
去年,こぞ,2,new_year
去年今年,こぞことし,5,new_year
今年,ことし,3,new_year
独楽,こま,2,new_year
小松引,こまつひき,5,new_year
御用始,ごようはじめ,6,new_year
幸木,さいわいぎ,5,new_year
左義長,さぎちょう,4,new_year
猿廻し,さるまわし,5,new_year
三が日,さんがにち,5,new_year
仕事始,しごとはじめ,6,new_year
獅子舞,ししまい,4,new_year
歯朶,しだ,2,new_year
七福神詣,しちふくじんまいり,9,new_year
四方拝,しほうはい,5,new_year
注連飾,しめかざり,5,new_year
注連貰,しめもらい,5,new_year
淑気,しゅくき,3,new_year
正月,しょうがつ,4,new_year
正月の凧,しょうがつのたこ,7,new_year
新年,しんねん,4,new_year
新年会,しんねんかい,6,new_year
十六むさし,じゅうろくむさし,7,new_year
上元の日,じょうげんのひ,6,new_year
人日,じんじつ,4,new_year
双六,すごろく,4,new_year
成人の日,せいじんのひ,6,new_year
雑煮,ぞうに,3,new_year
田遊び,たあそび,4,new_year
宝船,たからぶね,5,new_year
田作,たづくり,4,new_year
玉せせり,たませせり,5,new_year
橙飾る,だいだいかざる,7,new_year
ちやつきらこ,ちやつきらこ,6,new_year
朝賀,ちょうが,3,new_year
帳綴,ちょうとじ,4,new_year
草石蚕,ちよろぎ,4,new_year
綱引,つなひき,4,new_year
手毬,てまり,3,new_year
出初,でぞめ,3,new_year
投扇興,とうせんきょう,6,new_year
十日戎,とおかえびす,6,new_year
野老飾る,ところかざる,6,new_year
年男,としおとこ,5,new_year
年木,としぎ,3,new_year
年玉,としだま,4,new_year
歳徳神,としとくじん,6,new_year
屠蘇,とそ,2,new_year
鳥総松,とぶさまつ,5,new_year
鳥追,とりおい,4,new_year
泣初,なきぞめ,4,new_year
薺,なづな,3,new_year
薺打,なづなうつ,5,new_year
七種,ななくさ,4,new_year
七種粥,ななくさがゆ,6,new_year
七草爪,ななくさづめ,6,new_year
七日,なぬか,3,new_year
七日正月,なぬかしょうがつ,7,new_year
なまはげ,なまはげ,4,new_year
成木責,なりきぜめ,5,new_year
新野の雪祭,にいののゆきまつり,9,new_year
繞道祭,にょうどうさい,6,new_year
縫初,ぬひぞめ,4,new_year
寝正月,ねしょうがつ,5,new_year
子日草,ねのひぐさ,5,new_year
年賀,ねんが,3,new_year
年酒,ねんしゅ,3,new_year
能始,のうはじめ,5,new_year
乗初,のりぞめ,4,new_year
歯固,はがため,4,new_year
掃初,はきぞめ,4,new_year
箱根駅伝,はこねえきでん,7,new_year
羽子板,はごいた,4,new_year
機始,はたはじめ,5,new_year
初茜,はつあかね,5,new_year
初明り,はつあかり,5,new_year
初商,はつあきない,6,new_year
初浅間,はつあさま,5,new_year
初伊勢,はついせ,4,new_year
初市,はついち,4,new_year
初卯,はつう,3,new_year
初鴬,はつうぐいす,6,new_year
初閻魔,はつえんま,5,new_year
初鏡,はつかがみ,5,new_year
初篝,はつかがり,5,new_year
初神楽,はつかぐら,5,new_year
二十日正月,はつかしょうがつ,7,new_year
初風,はつかぜ,4,new_year
初竃,はつかまど,5,new_year
初観音,はつかんのん,6,new_year
初霞,はつがすみ,5,new_year
初釜,はつがま,4,new_year
初髪,はつがみ,4,new_year
初鴉,はつがらす,5,new_year
初句会,はつくかい,5,new_year
初景色,はつげしき,5,new_year
初声,はつこえ,4,new_year
初金毘羅,はつこんぴら,6,new_year
初東風,はつごち,4,new_year
初暦,はつごよみ,5,new_year
初勤行,はつごんぎょう,6,new_year
初東雲,はつしののめ,6,new_year
初芝居,はつしばい,5,new_year
初写真,はつしゃしん,5,new_year
初雀,はつすずめ,5,new_year
初硯,はつすずり,5,new_year
初刷,はつずり,4,new_year
初染,はつぞめ,4,new_year
初空,はつぞら,4,new_year
初旅,はつたび,4,new_year
初大師,はつだいし,5,new_year
初便り,はつだより,5,new_year
初筑波,はつつくば,5,new_year
初鼓,はつつづみ,5,new_year
初手水,はつてうづ,5,new_year
初天神,はつてんじん,6,new_year
初電話,はつでんわ,5,new_year
初寅,はつとら,4,new_year
初鶏,はつどり,4,new_year
初凪,はつなぎ,4,new_year
初荷,はつに,3,new_year
初日記,はつにっき,5,new_year
初音売,はつねうり,5,new_year
初鳩,はつはと,4,new_year
初春,はつはる,4,new_year
初場所,はつばしょ,4,new_year
初晴,はつばれ,4,new_year
初日,はつひ,3,new_year
初比叡,はつひえい,5,new_year
初富士,はつふじ,4,new_year
初不動,はつふどう,5,new_year
初弁天,はつべんてん,6,new_year
初弥撒,はつみさ,4,new_year
初詣,はつもうで,5,new_year
初薬師,はつやくし,5,new_year
初湯,はつゆ,3,new_year
初夢,はつゆめ,4,new_year
初漁,はつりょう,4,new_year
花びら餅,はなびらもち,6,new_year
羽子つき,はねつき,4,new_year
破魔弓,はまゆみ,4,new_year
春着,はるぎ,3,new_year
春駒,はるこま,4,new_year
弾初,ひきぞめ,4,new_year
ひめ始,ひめはじめ,5,new_year
吹初,ふきぞめ,4,new_year
福寿草,ふくじゅそう,5,new_year
福達磨,ふくだるま,5,new_year
福引,ふくびき,4,new_year
福袋,ふくぶくろ,5,new_year
福沸,ふくわかし,5,new_year
福藁,ふくわら,4,new_year
福笑ひ,ふくわらい,5,new_year
二日,ふつか,3,new_year
太箸,ふとばし,4,new_year
蓬莱,ほうらい,4,new_year
宝恵篭,ほえかご,4,new_year
仏の座,ほとけのざ,5,new_year
穂俵飾る,ほんだはらかざる,8,new_year
ぼんでん,ぼんでん,4,new_year
ぽっぺん,ぽっぺん,4,new_year
舞初,まいぞめ,4,new_year
松納,まつおさめ,5,new_year
松過ぎ,まつすぎ,4,new_year
松の内,まつのうち,5,new_year
俎始,まないたはじめ,7,new_year
鞠始,まりはじめ,5,new_year
万歳,まんざい,4,new_year
三日,みっか,3,new_year
睦月,むつき,3,new_year
土竜打,もぐらうち,5,new_year
餅花,もちばな,4,new_year
薮入,やぶいり,4,new_year
山始,やまはじめ,5,new_year
楪,ゆづりは,4,new_year
弓始,ゆみはじめ,5,new_year
四日,よっか,3,new_year
読初,よみぞめ,4,new_year
嫁が君,よめがきみ,5,new_year
礼受,れいうけ,4,new_year
礼者,れいじゃ,3,new_year
若菜,わかな,3,new_year
若菜野,わかなの,4,new_year
若水,わかみず,4,new_year
笑初,わらいぞめ,5,new_year
藁盒子,わらごうし,5,new_year
